form_id,category,field_name,field_type,page,nearby_label,confidence,x0,y0,x1,y1
AD-001,adoption,court_county,text,0,County:,0.9,89.6,85.5,198.1,104.0
AD-001,adoption,adoptee_location,text,0,LOCATION:,0.9,440.2,85.5,558.2,104.0
AD-001,adoption,case_number,text,0,Docket No.,0.9,104.8,100.0,198.1,118.5
AD-001,adoption,case_number_2,text,0,Docket No.,0.9,431.7,100.0,558.2,118.5
AD-001,adoption,adoptee_dhhs_and,checkbox,0,(DHHS) and:,0.7,81.0,638.0,94.6,651.5
AD-001,adoption,court_county_2,checkbox,0,Petitioner(s) reside in this county;,0.7,81.0,651.5,94.6,665.0
AD-001,adoption,court_county_3,checkbox,0,Adoptee resides or was born in this county;,0.7,81.0,665.0,94.6,678.5
AD-001,adoption,court_county_4,checkbox,0,An office of the agency that placed the adoptee for adoption or of DHHS is located in this county; or,0.7,81.0,678.5,94.6,692.0
AD-001,adoption,minor_b_the_adoptee_is_not_placed_by_a_license,checkbox,1,B. The adoptee IS NOT placed by a licensed child placing agency or DHHS and:,0.7,81.0,66.8,94.6,80.3
AD-001,adoption,court_county_5,checkbox,1,Adoptee resides in this county; and/or,0.7,81.0,80.3,94.6,93.5
AD-001,adoption,adoptee_5_adoptee_is_in_the_legal_custody_of_cho,checkbox,1,5. Adoptee is in the legal custody of (choose one):,0.7,72.0,119.0,85.5,132.5
AD-001,adoption,court_dhhs_pursuant_to_a_court_order_or_a_duly,checkbox,1,___________________________________________________ DHHS pursuant to a court order or a duly,0.7,72.0,145.0,85.5,158.5
AD-001,adoption,petitioner_petitioner_s_attach_all_documents_provin,checkbox,1,"Petitioner(s). Attach all documents proving legal custody, including divorce decrees or other court order;",0.7,72.0,171.3,85.5,184.8
AD-001,adoption,gal_other_attach_an_affidavit_with_an_explan,checkbox,1,Other. Attach an affidavit with an explanation of legal custody and all documents proving legal custody.,0.7,72.0,197.3,85.5,210.8
AD-001,adoption,adoptee_8_custody_proceedings_i_we_check_all_tha,checkbox,1,8. Custody Proceedings. I/We (check all that apply):,0.7,72.0,417.4,85.5,430.9
AD-001,adoption,adoptee_have_has_information_of_a_custody_procee,checkbox,1,have/has information of a custody proceeding concerning the adoptee pending in a court in Maine or some,0.7,72.0,447.4,85.5,460.9
AD-001,adoption,adoptee_know_s_of_a_person_not_a_party_to_this_c,radio,1,"know(s) of a person, not a party to this case, who has physical custody of the adoptee or claims to have",0.7,72.0,477.6,85.5,491.1
AD-001,adoption,adoptee_9_birth_record_or_delayed_birth_registra,checkbox,1,9. Birth Record or Delayed Birth Registration (CHOOSE ONE):,0.7,72.0,558.2,85.5,571.7
AD-001,adoption,adoptee_a_certified_copy_of_the_birth_record_of_,checkbox,1,A certified copy of the birth record of the adoptee is attached; or,0.7,72.0,571.7,85.5,585.2
AD-001,adoption,adoptee_option,checkbox,2,,0.7,85.5,66.8,99.1,80.3
AD-001,adoption,adoptee_option_2,checkbox,2,,0.7,87.5,123.8,101.1,137.3
AD-001,adoption,adoptee_full_name,text,2,Name of tribe:,0.9,175.1,156.0,558.2,175.0
AD-001,adoption,petitioner_please_note_the_petitioner_s_must_provid,text,2,PLEASE NOTE : The petitioner(s) must provide notice of this petition and the,0.9,175.6,168.8,252.1,187.8
AD-001,adoption,petitioner_description,radio,2,"The petitioner(s), at the time of this petition do(es) not yet know or have reason to know if the adoptee",0.7,90.1,289.1,103.6,302.6
AD-001,adoption,adoptee_dhhs_certificate_of_adoption_form_vs_9_t,checkbox,2,DHHS Certificate of Adoption (Form VS-9) to apply for an amended birth record with the Office,0.7,68.5,575.7,80.8,587.9
AD-001,adoption,adoptee_a_confidential_statement_form_ad_007_is_,checkbox,2,"A Confidential Statement Form (AD-007) is attached, providing background information",0.7,68.5,618.0,80.8,630.2
AD-001,adoption,petitioner_petitioner_s_acknowledge_s_that_upon_the,checkbox,2,"Petitioner(s) acknowledge(s) that, upon the filing of this petition, the Court is required to request",0.7,68.5,660.2,80.8,672.5
AD-001,adoption,adoptee_18_disbursements_choose_one,radio,3,18. Disbursements (CHOOSE ONE):,0.7,73.0,68.8,84.3,80.0
AD-001,adoption,petitioner_no_accounting_is_attached_because_the_pe,radio,3,No accounting is attached because the petitioner(s) is/are a blood relative or the adoptee is an,0.7,72.0,95.5,86.8,110.0
AD-001,adoption,adoptee_and_understanding_and_after_thoughtful_c,radio,3,"and understanding, and after thoughtful consideration (CHOOSE ONE):",0.7,73.0,207.8,84.3,219.1
AD-001,adoption,petitioner_the_petitioner_s_intend_s_to_share_infor,radio,3,The petitioner(s) intend(s) to share information about the adoptee with the birth/legal parent(s),0.7,73.0,235.3,84.3,246.6
AD-001,adoption,adoptee_i_we_acknowledge_that_i_we_have_been_inf,radio,3,I/We acknowledge that I/we have been informed of the existence of the adoption registry and the,0.7,68.5,333.4,80.8,345.6
AD-001,adoption,adoptee_i_we_acknowledge_that_the_adoptee_may_in,radio,3,I/We acknowledge that the adoptee may inherit from birth parents and birth parents’ kin only if,0.7,68.5,375.6,79.8,386.9
AD-001,adoption,parent_a_if_known_the_birth_parents,checkbox,3,A. IF KNOWN: The birth parents,0.7,237.6,472.1,249.9,484.4
AD-001,adoption,adoptee_have,checkbox,3,have,0.7,280.9,472.1,293.1,484.4
AD-001,adoption,petitioner_b_petitioners,checkbox,3,B. Petitioners,0.7,140.8,520.2,153.1,532.4
AD-001,adoption,adoptee_request,checkbox,3,request,0.7,196.3,520.2,208.6,532.4
AD-001,adoption,minor_the_adoptee_is_a_special_needs_child_as_,checkbox,3,The adoptee is a special needs child as defined in 18-C M.R.S. § 9-401(2) and (4) for purposes of,0.7,68.5,562.4,80.8,574.7
AD-001,adoption,adoptee_this_adoption_is_being_funded_under_the_,checkbox,3,This adoption is being funded under the Adoption Assistance Program. An explanation of this,0.7,68.5,618.7,79.8,630.0
AD-001,adoption,adoptee_address_state,radio,3,"A written statement relating to the adoptee’s cultural, ethnic, or racial background is attached.",0.7,68.5,660.2,79.8,671.5
AD-001,adoption,minor_i_we_acknowledge_s_and_represent_s_that_,radio,3,I/We acknowledge(s) and represent(s) that I/we intend to establish a parent-child,0.7,68.5,687.7,79.8,699.0
AD-001,adoption,minor_this_petition_is_for_the_adoption_of_a_m,checkbox,4,"This petition is for the adoption of a minor child, and in accordance with 18-C M.R.S. § 9-",0.7,68.5,55.0,79.8,66.3
AD-001,adoption,petitioner_full_name,text,4,"WHEREFORE, the petitioner(s) pray(s) that the Court grant the adoption and change the name of the",0.7,54.0,120.4,454.0,137.5
AD-001,adoption,adoptee_full_name_2,text,4,Name:,0.9,85.5,158.8,261.1,177.3
AD-001,adoption,adoptee_full_name_3,text,4,Name:,0.9,370.6,158.8,560.0,177.3
AD-001,adoption,adoptee_address_street,text,4,Address:,0.9,91.1,170.8,261.1,189.3
AD-001,adoption,adoptee_address_street_2,text,4,Address:,0.9,380.1,170.8,560.0,189.3
AD-001,adoption,adoptee_address_street_3,text,4,Address:,0.9,90.6,182.8,261.1,201.3
AD-001,adoption,adoptee_address_street_4,text,4,Address:,0.9,379.6,182.8,560.0,201.3
AD-001,adoption,adoptee_phone,text,4,Phone Number:,0.9,117.6,194.8,261.1,213.3
AD-001,adoption,adoptee_phone_2,text,4,Phone Number:,0.9,405.7,194.8,560.0,213.3
AD-001,adoption,adoptee_phone_3,text,4,Phone Number:,0.9,117.1,206.8,261.1,225.3
AD-001,adoption,adoptee_phone_4,text,4,Phone Number:,0.9,405.2,206.8,560.0,225.3
AD-001,adoption,adoptee_email,text,4,Email:,0.9,84.8,218.8,261.1,237.3
AD-001,adoption,adoptee_email_2,text,4,Email:,0.9,369.9,218.8,560.0,237.3
AD-001,adoption,attorney_signature,signature,4,Signature of Attorney and Maine Bar Registration Number,0.9,44.0,246.8,261.1,265.3
AD-001,adoption,adoptee_full_name_4,text,4,Name:,0.9,85.5,270.4,261.1,288.9
AD-001,adoption,adoptee_address_street_5,text,4,Address:,0.9,91.1,282.4,261.1,300.9
AD-001,adoption,adoptee_address_street_6,text,4,Address:,0.9,90.6,294.4,261.1,312.9
AD-001,adoption,adoptee_phone_5,text,4,Phone Number:,0.9,117.6,306.4,261.1,324.9
AD-001,adoption,adoptee_phone_6,text,4,Phone Number:,0.9,117.1,318.4,261.1,336.9
AD-001,adoption,adoptee_email_3,text,4,Email:,0.9,84.8,330.4,261.1,348.9
AD-003,adoption,court_county,text,0,County:,0.9,92.6,71.3,234.0,89.8
AD-003,adoption,adoptee_location,text,0,Location:,0.9,424.1,71.3,558.0,89.8
AD-003,adoption,case_number,text,0,Docket No.,0.9,109.2,85.2,234.0,103.7
AD-003,adoption,case_number_2,text,0,Docket No.,0.9,436.3,85.2,558.0,103.7
AD-003,adoption,adoptee_full_name,text,0,Name of Adoptee,0.9,44.9,140.6,270.0,159.1
AD-003,adoption,adoptee_full_name_2,text,0,Name of Adoptee,0.7,44.9,176.4,444.9,215.8
AD-004,adoption,minor_middle_name,radio,0,"This matter involves an adoption petition filed pursuant to 18-C M.R.S. § 9-301, and the minor adoptee",0.7,55.0,230.1,65.3,240.3
AD-004,adoption,petitioner_5_i_hereby_consent_to_my_adoption_by_the,radio,0,5. I hereby consent to my adoption by the petitioner(s),0.7,322.4,373.9,332.7,384.1
AD-004,adoption,adoptee_this_matter_involves_a_confirmatory_adop,checkbox,0,"This matter involves a confirmatory adoption petition filed pursuant to 18-C M.R.S. § 9-316, and the",0.7,55.0,399.1,65.3,409.4
AD-005,adoption,adoptee_full_name,text,0,Name of Adoptee,0.7,45.0,176.1,445.0,213.8
AD-005,adoption,adoptee_i,text,0,"I,",0.9,60.5,208.8,198.1,227.3
AD-005,adoption,minor_i_want_the_adoption_decree_to_allow_my_c,checkbox,0,I want the adoption decree to allow my child to inherit from me. 18-C M.R.S. § 9-308(6)(A).,0.7,90.1,354.6,103.6,368.1
AD-005,adoption,minor_this_consent_is_being_signed_at_least_72,checkbox,0,"This consent is being signed at least 72 hours after my child’s birth or, if the Indian Child Welfare Act",0.7,90.1,444.1,103.6,457.6
AD-005,adoption,minor_i_have_been_provided_or_was_offered_and_,checkbox,0,"I have been provided, or was offered and refused, counseling by a licensed child placing agency or the",0.7,90.1,503.1,103.6,516.7
AD-005,adoption,parent_the_court_has_explained_my_parental_righ,checkbox,0,The Court has explained my parental rights and responsibilities and the consequences of this consent;,0.7,90.1,554.7,103.6,568.2
AD-005,adoption,adoptee_i_have_been_provided_information_about_t,checkbox,0,I have been provided information about the existence of the State of Maine adoption registry and the,0.7,90.1,580.7,103.6,594.2
AD-005,adoption,court_the_court_determines_that_this_consent_h,checkbox,0,The Court determines that this consent has been duly executed and was given freely after I was,0.7,90.1,619.5,103.6,633.0
AD-005,adoption,minor_the_court_determines_that_this_consent_i,checkbox,0,The Court determines that this consent is in the child’s best interest.,0.7,90.1,658.5,103.6,671.7
AD-005,adoption,court_county,text,1,", COUNTY",0.9,54.0,156.0,162.1,174.5
AD-005,adoption,adoptee_full_name_2,text,1,Personally appeared the above-named,0.9,223.9,181.3,378.2,199.8
AD-005,adoption,adoptee_date_signed,date,1,Dated:,0.9,83.3,231.8,162.1,250.3
AD-005,adoption,court_county_2,text,1,"Judge, Probate Court / District Court",0.9,342.1,231.8,558.2,250.3
AD-005,adoption,adoptee_date_signed_2,date,1,Dated:,0.9,83.3,345.6,162.1,364.1
AD-005,adoption,court_county_3,text,1,"Judge, Probate Court / District Court",0.9,342.1,345.6,558.2,364.1
AD-006,adoption,adoptee_i,text,0,"I,",0.9,60.5,222.6,198.1,241.1
AD-006,adoption,minor_i_want_the_adoption_decree_to_allow_my_c,checkbox,0,I want the adoption decree to allow my child to inherit from me. 18-C M.R.S. § 9-308(6)(A).,0.7,90.1,368.4,103.6,381.9
AD-006,adoption,adoptee_i_have_followed_the_procedure_required_t,text,0,I have followed the procedure required to make a consent valid in,0.9,398.4,452.1,558.2,470.6
AD-006,adoption,adoptee_i_have_followed_the_procedure_required_t_2,checkbox,0,I have followed the procedure required to make a consent valid in,0.7,90.1,457.9,103.6,471.4
AD-006,adoption,minor_if_this_case_involves_an_indian_child_as,checkbox,0,"If this case involves an Indian child as defined by 25 U.S.C. § 1903(4) and 22 M.R.S. § 3943(8), this",0.7,90.1,496.6,103.6,510.1
AD-006,adoption,parent_the_court_has_explained_my_parental_righ,checkbox,0,The Court has explained my parental rights and responsibilities and the consequences of this consent,0.7,90.1,548.2,103.6,561.4
AD-006,adoption,adoptee_under_the_laws_of,text,0,under the laws of,0.9,168.8,554.9,342.2,573.4
AD-006,adoption,adoptee_i_have_been_provided_information_about_t,checkbox,0,I have been provided information about the existence of the State of Maine adoption registry and the,0.7,90.1,586.9,103.6,600.5
AD-006,adoption,court_the_court_determines_that_this_consent_h,checkbox,0,The Court determines that this consent has been duly executed and was given freely after I was,0.7,90.1,625.7,103.6,639.2
AD-006,adoption,minor_the_court_determines_that_this_consent_i,checkbox,0,The Court determines that this consent is in the child’s best interest.,0.7,90.1,664.5,103.6,678.0
AD-007,adoption,parent_adopting_parent_1,text,0,Adopting Parent 1,0.9,54.5,211.2,221.8,229.7
AD-007,adoption,parent_adopting_parent_1_2,text,0,Adopting Parent 1,0.9,222.2,211.2,389.6,229.7
AD-007,adoption,parent_adopting_parent_2,text,0,Adopting Parent 2,0.9,390.1,211.2,557.5,229.7
AD-007,adoption,adoptee_1_have_you_ever_adopted,text,0,1. Have you ever adopted,0.9,54.5,225.5,221.8,244.0
AD-007,adoption,parent_adopting_parent_1_3,text,0,Adopting Parent 1,0.9,222.2,225.5,389.6,244.0
AD-007,adoption,parent_adopting_parent_2_2,text,0,Adopting Parent 2,0.9,390.1,225.5,557.5,244.0
AD-007,adoption,adoptee_when_were_they_adopted,text,0,when were they adopted?,0.9,54.5,267.4,221.8,285.8
AD-007,adoption,adoptee_when_were_they_adopted_2,text,0,when were they adopted?,0.9,222.2,267.4,389.6,285.8
AD-007,adoption,adoptee_have_you_ever_adopted,text,0,Have you ever adopted,0.9,390.1,267.4,557.5,285.8
AD-007,adoption,adoptee_how_many_their_ages,text,0,How many? Their ages?,0.9,54.5,309.2,221.8,327.7
AD-007,adoption,gal_3_are_you_legally_responsible,text,0,3. Are you legally responsible,0.9,222.2,309.2,389.6,327.7
AD-007,adoption,minor_middle_name,text,0,Are there other minor,0.9,390.1,309.2,557.5,327.7
AD-007,adoption,adoptee_your_home_how_many,text,0,your home? How many?,0.9,54.5,351.1,221.8,369.6
AD-007,adoption,adoptee_4_if_you_are_responsible_for_any,text,0,4. If you are responsible for any,0.9,222.2,351.1,389.6,369.6
AD-007,adoption,gal_are_you_legally_responsible,text,0,Are you legally responsible,0.9,390.1,351.1,557.5,369.6
AD-007,adoption,adoptee_current_in_those_payments,text,0,current in those payments?,0.9,54.5,393.1,221.8,411.6
AD-007,adoption,adoptee_5_have_you_ever_been_a_party_to,text,0,5. Have you ever been a party to,0.9,222.2,393.1,389.6,411.6
AD-007,adoption,adoptee_if_you_are_responsible_for_any,text,0,If you are responsible for any,0.9,390.1,393.1,557.5,411.6
AD-007,adoption,minor_neglected_a_child,text,0,neglected a child?,0.9,54.5,462.6,221.8,481.1
AD-007,adoption,adoptee_6_what_is_your_current,text,0,6. What is your current,0.9,222.2,462.6,389.6,481.1
AD-007,adoption,adoptee_have_you_ever_been_a_party_to,text,0,Have you ever been a party to,0.9,390.1,462.6,557.5,481.1
AD-007,adoption,adoptee_had_it,text,0,had it?,0.9,54.5,504.5,221.8,523.0
AD-007,adoption,adoptee_7_what_is_your_current_annual,text,0,7. What is your current annual,0.9,222.2,504.5,389.6,523.0
AD-007,adoption,adoptee_what_is_your_current,text,0,What is your current,0.9,390.1,504.5,557.5,523.0
AD-007,adoption,adoptee_salary,text,0,salary?,0.9,54.5,532.6,221.8,551.0
AD-007,adoption,adoptee_8_do_you_own_or_rent_your,text,0,8. Do you own or rent your,0.9,222.2,532.6,389.6,551.0
AD-007,adoption,adoptee_what_is_your_current_annual,text,0,What is your current annual,0.9,390.1,532.6,557.5,551.0
AD-007,adoption,adoptee_there,text,0,there?,0.9,54.5,574.4,221.8,592.9
AD-007,adoption,adoptee_9_if_you_rent_what_is_your,text,0,"9. If you rent, what is your",0.9,222.2,574.4,389.6,592.9
AD-007,adoption,adoptee_do_you_own_or_rent_your,text,0,Do you own or rent your,0.9,390.1,574.4,557.5,592.9
AD-007,adoption,adoptee_date,date,0,monthly rent payment?,0.9,54.5,602.5,221.8,621.0
AD-007,adoption,adoptee_10_if_you_own_what_is_your,text,0,"10. If you own, what is your",0.9,222.2,602.5,389.6,621.0
AD-007,adoption,adoptee_if_you_rent_what_is_your,text,0,"If you rent, what is your",0.9,390.1,602.5,557.5,621.0
AD-007,adoption,adoptee_date_2,date,0,monthly mortgage payment?,0.9,54.5,630.6,221.8,649.1
AD-007,adoption,adoptee_11_if_you_own_your_home_what,text,0,"11. If you own your home, what",0.9,222.2,630.6,389.6,649.1
AD-007,adoption,adoptee_if_you_own_what_is_your,text,0,"If you own, what is your",0.9,390.1,630.6,557.5,649.1
AD-007,adoption,adoptee_any_is_the_mortgage_on_it,text,0,"any, is the mortgage on it?",0.9,54.5,700.2,221.8,718.7
AD-007,adoption,adoptee_if_you_own_your_home_what,text,0,"If you own your home, what",0.9,222.2,700.2,389.6,718.7
AD-007,adoption,adoptee_if_you_own_your_home_what_2,text,0,"If you own your home, what",0.9,390.1,700.2,557.5,718.7
AD-007,adoption,adoptee_12_have_you_ever_been,text,1,12. Have you ever been,0.9,54.5,18.0,221.8,36.5
AD-007,adoption,adoptee_12_have_you_ever_been_2,text,1,12. Have you ever been,0.9,222.2,18.0,389.6,36.5
AD-007,adoption,adoptee_field,text,1,,0.7,390.1,18.0,557.5,36.5
AD-007,adoption,adoptee_imprisonment,text,1,imprisonment?,0.9,54.5,73.7,221.8,92.2
AD-007,adoption,adoptee_13_have_you_ever_been,text,1,13. Have you ever been,0.9,222.2,73.7,389.6,92.2
AD-007,adoption,adoptee_have_you_ever_been,text,1,Have you ever been,0.9,390.1,73.7,557.5,92.2
AD-007,adoption,adoptee_violence,text,1,violence?,0.9,54.5,115.6,221.8,134.0
AD-007,adoption,adoptee_14_have_you_ever_had_a,text,1,14. Have you ever had a,0.9,222.2,115.6,389.6,134.0
AD-007,adoption,adoptee_have_you_ever_been_2,text,1,Have you ever been,0.9,390.1,115.6,557.5,134.0
AD-007,adoption,adoptee_final_order_against_you,text,1,final order against you?,0.9,54.5,171.2,221.8,189.7
AD-007,adoption,adoptee_middle_name,text,1,15. Are there any criminal or,0.9,222.2,171.2,389.6,189.7
AD-007,adoption,adoptee_have_you_ever_had_a,text,1,Have you ever had a,0.9,390.1,171.2,557.5,189.7
AD-007,adoption,court_you_in_any_court,text,1,you in any court?,0.9,54.5,213.2,221.8,231.7
AD-007,adoption,adoptee_16_what_is_the_highest_grade,text,1,16. What is the highest grade,0.9,222.2,213.2,389.6,231.7
AD-007,adoption,adoptee_middle_name_2,text,1,Are there any criminal or,0.9,390.1,213.2,557.5,231.7
AD-007,adoption,adoptee_school,text,1,school?,0.9,54.5,255.1,221.8,273.6
AD-007,adoption,adoptee_17_are_you_currently_involved,text,1,17. Are you currently involved,0.9,222.2,255.1,389.6,273.6
AD-007,adoption,adoptee_what_is_the_highest_grade,text,1,What is the highest grade,0.9,390.1,255.1,557.5,273.6
AD-007,adoption,adoptee_19_list_your_current_employer_s,text,1,19. List your current employer’s,0.9,54.5,559.7,221.8,578.2
AD-007,adoption,adoptee_19_list_your_current_employer_s_2,text,1,19. List your current employer’s,0.9,222.2,559.7,389.6,578.2
AD-007,adoption,adoptee_field_2,text,1,,0.7,390.1,559.7,557.5,578.2
AD-007,adoption,adoptee_full_name,text,1,20. List the name(s) and,0.9,54.5,601.6,221.8,620.0
AD-007,adoption,adoptee_full_name_2,text,1,20. List the name(s) and,0.9,222.2,601.6,389.6,620.0
AD-007,adoption,adoptee_list_your_current_employer_s,text,1,List your current employer’s,0.9,390.1,601.6,557.5,620.0
AD-007,adoption,adoptee_ad_007_rev_09_19,text,1,"AD-007, Rev. 09/19",0.9,54.5,712.4,221.8,730.9
AD-007,adoption,adoptee_page_2_of_3,text,1,Page 2 of 3,0.9,222.2,712.4,389.6,730.9
AD-007,adoption,adoptee_full_name_3,text,1,List the name(s) and,0.9,390.1,712.4,557.5,730.9
AD-007,adoption,adoptee_field_3,text,2,,0.7,54.5,18.0,221.8,36.5
AD-007,adoption,adoptee_field_4,text,2,,0.7,222.2,18.0,389.6,36.5
AD-007,adoption,adoptee_field_5,text,2,,0.7,390.1,18.0,557.5,36.5
AD-007,adoption,adoptee_21_how_many_times_have_you,text,2,21. How many times have you,0.9,54.5,115.1,221.8,133.6
AD-007,adoption,adoptee_21_how_many_times_have_you_2,text,2,21. How many times have you,0.9,222.2,115.1,389.6,133.6
AD-007,adoption,adoptee_field_6,text,2,,0.7,390.1,115.1,557.5,133.6
AD-007,adoption,adoptee_been_married,text,2,been married?,0.9,54.5,143.2,221.8,161.6
AD-007,adoption,adoptee_22_have_you_ever_been,text,2,22. Have you ever been,0.9,222.2,143.2,389.6,161.6
AD-007,adoption,adoptee_how_many_times_have_you,text,2,How many times have you,0.9,390.1,143.2,557.5,161.6
AD-007,adoption,adoptee_all_divorce_decrees,text,2,all divorce decrees.,0.9,54.5,185.0,221.8,203.5
AD-007,adoption,adoptee_23_if_you_are_married_when_did,text,2,"23. If you are married, when did",0.9,222.2,185.0,389.6,203.5
AD-007,adoption,adoptee_have_you_ever_been_3,text,2,Have you ever been,0.9,390.1,185.0,557.5,203.5
AD-007,adoption,adoptee_you_marry_your_current_spouse,text,2,you marry your current spouse?,0.9,54.5,213.2,221.8,231.7
AD-007,adoption,adoptee_you_marry_your_current_spouse_2,text,2,you marry your current spouse?,0.9,222.2,213.2,389.6,231.7
AD-007,adoption,adoptee_if_you_are_married_when_did,text,2,"If you are married, when did",0.9,390.1,213.2,557.5,231.7
AD-007,adoption,adoptee_your_partner,text,2,your partner?,0.9,54.5,255.1,221.8,273.6
AD-007,adoption,adoptee_25_have_you_ever_had_an,text,2,25. Have you ever had an,0.9,222.2,255.1,389.6,273.6
AD-007,adoption,adoptee_if_you_are_not_married_how,text,2,"If you are not married, how",0.9,390.1,255.1,557.5,273.6
AD-007,adoption,adoptee_private_agency,text,2,private agency?,0.9,54.5,310.8,221.8,329.3
AD-007,adoption,court_description,text,2,Add here any explanation of any one of the foregoing answers that you wish to explain to the court and,0.9,222.2,310.8,389.6,329.3
AD-007,adoption,court_description_2,text,2,Add here any explanation of any one of the foregoing answers that you wish to explain to the court and,0.9,390.1,310.8,557.5,329.3
AD-008,adoption,adoptee_full_name,text,0,Name of Adoptee,0.7,45.0,177.0,445.0,198.7
AD-008,adoption,adoptee_full_name_2,currency,0,"For each service provided, include the following: A) name and address of payee; B) amount or value that",0.7,54.0,297.8,454.0,326.5
AD-008,adoption,parent_counseling_services_provided_to_legal_pa,checkbox,0,"Counseling services provided to legal parent 2 in connection with surrender and release,",0.7,90.9,475.5,100.4,485.3
AD-009,adoption,adoptee_full_name,text,0,Name of Adoptee,0.7,45.0,165.4,445.0,185.0
AD-011,adoption,court_county,text,0,COUNTY PROBATE COURT,0.9,72.0,97.3,180.0,115.9
AD-011,adoption,case_number,text,0,DOCKET NO.,0.9,432.5,97.3,522.0,115.9
AD-011,adoption,adoptee_full_name,text,0,Name of Adoptee,0.9,104.6,124.9,324.0,143.5
AD-011,adoption,adoptee_full_name_2,text,0,Name of Adoptee,0.7,180.0,161.1,572.0,178.0
AD-011,adoption,petitioner_full_name,text,0,"Full name, mailing address, telephone number of each Petitioner",0.7,144.0,225.4,544.0,260.8
AD-011,adoption,petitioner_legal_residence_of_each_petitioner,text,0,Legal residence of each Petitioner,0.7,144.0,280.6,544.0,316.0
AD-011,adoption,petitioner_dob,date,0,Date of birth of each Petitioner,0.7,144.0,335.8,544.0,357.4
AD-011,adoption,adoptee_full_name_3,text,0,Other names by which Adoptee has been known,0.7,144.0,487.6,544.0,509.2
AD-011,adoption,petitioner_full_name_2,text,0,Petitioner adopted _____________________________________ (name of Adoptee),0.7,108.0,641.7,508.0,663.3
AD-011,adoption,adoptee_date_signed,date,0,(date of decree) in the Country of  ________________________________________,0.7,108.0,683.1,508.0,704.7
AD-011,adoption,adoptee_full_name_4,text,0,(name of foreign Country) at ____________________________________________,0.7,108.0,703.8,508.0,725.5
AD-011,adoption,adoptee_full_name_5,text,0,_____________________ (name of Adoptee) under the laws of said foreign Country.,0.7,108.0,745.2,508.0,790.0
AD-011,adoption,petitioner_full_name_3,text,1,"A change of name  IS  IS NOT requested.  If requested, Petitioner requests name of",0.7,108.0,163.2,508.0,198.7
AD-011,adoption,adoptee_adoptee_be_changed_to,text,1,Adoptee be changed to:,0.9,104.0,196.1,216.0,214.7
AD-011,adoption,adoptee_date_signed_2,date,1,Dated:,0.9,103.9,237.5,216.0,256.1
AD-011,adoption,adoptee_full_name_6,text,1,Name,0.9,72.0,473.6,265.2,492.1
AD-011,adoption,adoptee_address_street,text,1,Address,0.9,72.0,500.5,265.2,519.0
AD-011,adoption,adoptee_address_street_2,text,1,Address,0.9,72.0,527.3,265.2,545.8
AD-011,adoption,adoptee_phone,text,1,Phone Number,0.9,72.0,553.2,265.2,571.7
AD-011,adoption,adoptee_maine_bar_number,text,1,Maine Bar Number,0.9,72.0,579.1,265.2,597.6
AD-011,adoption,adoptee_1_18_c_m_r_s_9_312,text,1,1 18-C M.R.S. § 9-312.,0.9,72.0,629.2,216.0,647.8
AD-012,adoption,court_county,text,0,County:,0.9,76.0,67.5,198.1,86.0
AD-012,adoption,adoptee_location,text,0,Location:,0.9,423.2,67.5,558.2,86.0
AD-012,adoption,case_number,text,0,Docket No.,0.9,91.3,82.0,198.1,100.5
AD-012,adoption,case_number_2,text,0,Docket No.,0.9,431.7,82.0,558.2,100.5
AD-012,adoption,adoptee_full_name,text,0,Name:,0.9,93.3,273.6,342.2,292.1
AD-012,adoption,adoptee_dob,date,0,Date of birth:,0.9,404.2,273.6,517.7,292.1
AD-012,adoption,adoptee_place_of_birth,text,0,Place of birth:,0.9,126.3,297.9,522.2,316.4
AD-012,adoption,gal_legal_residence,text,0,Legal residence:,0.9,136.6,321.9,522.2,340.4
AD-012,adoption,adoptee_full_name_2,text,0,Name:,0.9,95.1,376.6,342.2,395.1
AD-012,adoption,adoptee_dob_2,date,0,Date of birth:,0.9,404.2,376.6,522.2,395.1
AD-012,adoption,gal_legal_residence_2,text,0,Legal residence:,0.9,138.3,400.6,522.2,419.1
AD-012,adoption,adoptee_address_street,text,0,Mailing address:,0.9,139.6,424.9,522.2,443.4
AD-012,adoption,minor_middle_name,text,0,Relationship to minor child:,0.9,189.6,449.1,522.2,467.6
AD-012,adoption,adoptee_full_name_3,text,0,Name:,0.9,95.1,506.2,342.2,524.7
AD-012,adoption,adoptee_dob_3,date,0,Date of birth:,0.9,404.2,506.2,522.2,524.7
AD-012,adoption,gal_legal_residence_3,text,0,Legal residence:,0.9,138.3,532.2,522.2,550.7
AD-012,adoption,adoptee_address_street_2,text,0,Mailing address:,0.9,139.6,558.2,522.2,576.7
AD-012,adoption,minor_middle_name_2,text,0,Relationship to minor child:,0.9,189.6,582.5,522.2,601.0
AD-012,adoption,adoptee_full_name_4,text,0,Name:,0.9,93.3,642.2,342.2,660.7
AD-012,adoption,adoptee_dob_4,date,0,Date of birth:,0.9,404.2,642.2,522.2,660.7
AD-012,adoption,gal_legal_residence_4,text,0,Legal residence:,0.9,136.6,668.2,522.2,686.7
AD-012,adoption,adoptee_address_street_3,text,0,Mailing address:,0.9,137.8,694.2,522.2,712.7
AD-012,adoption,adoptee_dob_5,date,1,Date of birth:,0.9,93.3,64.0,342.2,82.5
AD-012,adoption,adoptee_dob_6,date,1,Date of birth:,0.9,406.9,64.0,522.2,82.5
AD-012,adoption,gal_legal_residence_5,text,1,Legal residence:,0.9,136.6,90.0,522.2,108.5
AD-012,adoption,adoptee_address_street_4,text,1,Mailing address:,0.9,137.8,116.0,522.2,134.5
AD-012,adoption,adoptee_full_name_5,text,1,Name:,0.9,93.3,174.8,342.2,193.3
AD-012,adoption,adoptee_address_street_5,text,1,Mailing Address:,0.9,140.8,198.8,522.2,217.3
AD-012,adoption,adoptee_option,checkbox,1,,0.7,85.5,259.6,99.1,273.1
AD-012,adoption,petitioner_the_petitioner_knows_or_has_reason_to_kn,checkbox,1,"The petitioner knows, or has reason to know, that the adoptee is an unmarried person under the age of",0.7,87.5,316.6,101.1,330.1
AD-012,adoption,adoptee_full_name_6,text,1,Name of tribe:,0.9,175.1,348.9,558.2,367.9
AD-012,adoption,petitioner_please_note_the_petitioner_s_must_provid,text,1,PLEASE NOTE : The petitioner(s) must provide notice of this petition to the,0.9,175.6,361.6,252.1,380.6
AD-012,adoption,adoptee_c,radio,1,C.,0.7,84.8,469.4,98.3,482.9
AD-012,adoption,minor_a_the_minor_child_has_been_removed_from_,checkbox,1,A. The minor child has been removed from the parents’ custody and the parents now consent to termination;,0.7,62.2,560.7,75.4,573.9
AD-012,adoption,adoptee_b_one_or_more_of_the_following_is_true,checkbox,1,B. One or more of the following is true:,0.7,62.9,587.4,75.4,602.6
AD-012,adoption,minor_the_parent_s_is_are_unwilling_or_unable_,checkbox,1,The parent(s) is/are unwilling or unable to protect the child from jeopardy and these circumstances are,0.7,89.6,614.7,103.5,629.3
AD-012,adoption,minor_the_parent_s_is_are_unwilling_or_unable__2,checkbox,1,The parent(s) is/are unwilling or unable to take responsibility for the child within a time which is,0.7,90.3,655.8,104.8,669.7
AD-012,adoption,minor_the_parent_s_has_have_abandoned_the_chil,checkbox,1,The parent(s) has/have abandoned the child.,0.7,90.3,694.7,103.5,709.3
AD-012,adoption,petitioner_address_state,radio,1,REQUIRED: Petitioner(s) has/have attached an affidavit that states facts in support of the allegations.,0.7,62.2,722.1,75.4,736.7
AD-012,adoption,court_full_name,text,2,Name of court,0.9,61.3,257.1,558.2,275.6
AD-012,adoption,court_full_name_2,text,2,Name of court,0.7,61.3,289.8,461.3,311.5
AD-012,adoption,adoptee_phone,text,2,Phone Number: _____________________________,0.7,54.8,436.6,454.8,465.0
AD-012,adoption,adoptee_email,text,2,Email: ____________________________________,0.7,54.8,448.3,454.8,465.0
AD-012,adoption,adoptee_phone_2,text,2,Phone Number: _____________________________,0.7,54.0,559.3,454.0,595.5
AD-012,adoption,adoptee_email_2,text,2,Email: _____________________________________,0.7,45.0,570.8,445.0,595.5
AD-015,adoption,court_county,text,0,County:,0.9,76.0,79.3,198.1,97.8
AD-015,adoption,adoptee_location,text,0,Location:,0.9,423.2,79.3,558.2,97.8
AD-015,adoption,case_number,text,0,Docket No.,0.9,91.3,93.8,198.1,112.3
AD-015,adoption,case_number_2,text,0,Docket No.,0.9,431.7,93.8,558.2,112.3
AD-015,adoption,adoptee_full_name,text,0,Name of Adoptee,0.7,45.0,167.4,445.0,210.9
AD-015,adoption,parent_am_the_biological_parent_of,text,0,", am the biological parent of",0.9,63.3,206.1,234.1,224.6
AD-015,adoption,parent_am_the_biological_parent_of_2,text,0,", am the biological parent of",0.9,360.9,206.1,522.2,224.6
AD-015,adoption,adoptee_in,text,0,in,0.9,74.3,220.8,270.1,239.3
AD-015,adoption,adoptee_address_state,date,0,( town and state ) on the following date:,0.9,446.7,220.8,544.2,239.3
AD-015,adoption,adoptee_address_street,text,0,2. My address is:,0.9,121.1,245.8,508.2,264.3
AD-015,adoption,adoptee_full_name_2,text,0,Name:,0.9,95.1,288.1,414.2,306.6
AD-015,adoption,gal_address_street,text,0,Legal address:,0.9,129.6,302.6,544.2,321.1
AD-015,adoption,adoptee_4_select_one,radio,0,4. Select one:,0.7,81.0,362.1,94.6,375.6
AD-015,adoption,adoptee_full_name_3,text,0,Name of agency:,0.9,160.3,385.6,414.2,404.1
AD-015,adoption,gal_address_street_2,text,0,Legal address:,0.9,148.8,400.1,544.2,418.6
AD-015,adoption,minor_i_am_executing_this_surrender_and_releas,checkbox,0,"I am executing this surrender and release of all parental rights, custody, and control of the child to the",0.7,81.0,434.4,94.6,447.9
AD-015,adoption,minor_i_am_executing_this_surrender_and_releas_2,checkbox,0,"I am executing this surrender and release of all parental rights, custody, and custody of the child to a",0.7,81.0,464.6,94.6,478.1
AD-015,adoption,adoptee_full_name_4,text,0,Name(s):,0.9,126.1,488.1,414.2,506.6
AD-015,adoption,gal_address_street_3,text,0,Legal address:,0.9,148.8,502.7,544.2,521.2
AD-015,adoption,minor_this_surrender_and_release_is_being_sign,checkbox,0,"This surrender and release is being signed at least 72 hours after my child’s birth, or, if the Indian Child",0.7,81.0,654.0,94.6,667.5
AD-015,adoption,minor_a_licensed_child_placing_agency_or_the_d,checkbox,0,A licensed child-placing agency or the Department of Health and Human Services has,0.7,81.0,698.5,94.6,712.0
AD-015,adoption,adoptee_offered_and,checkbox,0,offered and,0.7,490.0,698.5,503.5,712.0
AD-015,adoption,attorney_provided_me_counseling_or,radio,0,provided me counseling or,0.7,203.6,714.0,217.1,727.5
AD-015,adoption,parent_the_court_has_explained_what_my_parental,checkbox,1,"The court has explained what my parental rights and responsibilities are, the effect of this surrender and",0.7,81.0,22.5,94.6,36.0
AD-015,adoption,court_the_court_has_informed_me_of_the_existen,checkbox,1,The court has informed me of the existence of the adoption registry and the services available under,0.7,81.0,67.0,94.6,80.5
AD-015,adoption,court_the_court_determines_that_this_surrender,checkbox,1,The court determines that this surrender and release has been duly executed and was given freely after I,0.7,81.0,97.3,94.6,110.8
AD-015,adoption,minor_the_court_determines_that_this_surrender,checkbox,1,The court determines that this surrender and release is in the child’s best interest.,0.7,81.0,127.3,94.6,140.8
AD-015,adoption,adoptee_date_signed,date,1,Dated:,0.9,77.0,220.8,198.1,239.3
AD-015,adoption,parent_signature,signature,1,Signature of surrendering parent,0.9,270.1,220.8,522.2,239.3
AD-015,adoption,court_county_2,text,1,COUNTY,0.9,45.0,282.9,174.3,301.4
AD-015,adoption,adoptee_full_name_5,text,1,"Personally appeared the above named,",0.9,216.9,312.1,414.2,330.6
AD-015,adoption,adoptee_date_signed_2,date,1,Date:,0.9,68.8,391.4,198.1,409.9
AD-015,adoption,court_county_3,text,1,"Judge, Maine Probate Court / Maine District Court",0.9,270.1,391.4,522.2,409.9
AD-015,adoption,adoptee_date_signed_3,date,1,Date:,0.9,77.8,548.4,162.1,566.9
AD-015,adoption,court_county_4,text,1,"Judge, Maine Probate Court / Maine District Court",0.9,306.1,548.4,558.2,566.9
AD-015,adoption,adoptee_a_true_copy_attest,text,1,"A True Copy, Attest",0.9,146.6,586.2,270.1,604.7
AD-015,adoption,adoptee_date_signed_4,date,1,Date:,0.9,77.8,664.7,162.1,683.2
AD-015,adoption,parent_signature_2,signature,1,Signature of Parent,0.9,306.1,664.7,558.2,683.2
AD-015,adoption,adoptee_date_signed_5,date,1,Date:,0.9,77.8,694.0,162.1,712.5
AD-015,adoption,court_county_5,text,1,"Judge, Maine Probate Court / Maine District Court",0.9,306.1,694.0,558.2,712.5
AD-017_,adoption,court_county,text,0,County:,0.9,77.0,68.4,195.8,86.9
AD-017_,adoption,adoptee_location,text,0,Location:,0.9,423.8,68.4,559.0,86.9
AD-017_,adoption,case_number,text,0,Docket No.,0.9,92.2,83.0,199.0,101.5
AD-017_,adoption,case_number_2,text,0,Docket No.,0.9,432.5,83.0,559.0,101.5
AD-017_,adoption,adoptee_full_name,text,0,Name of Adoptee,0.7,45.8,156.5,445.8,190.8
AD-017_,adoption,adoptee_i,text,0,"I,",0.9,86.6,186.0,271.0,204.5
AD-017_,adoption,minor_full_name,text,0,"( name of adoptee ) who is the child of,",0.9,77.5,198.7,271.0,217.2
AD-017_,adoption,minor_full_name_2,text,0,"( name of adoptee ) who is the child of,",0.9,443.8,198.7,559.0,217.2
AD-017_,adoption,parent_full_name,text,0,( name of legal parent ( s )). I understand that the legal parent(s),0.9,77.5,211.2,270.2,229.7
AD-017_,adoption,adoptee_date_signed,date,0,Dated:,0.9,78.0,481.9,199.0,500.4
AD-017_,adoption,parent_signature,signature,0,Signature of putative parent,0.9,271.0,481.9,523.0,500.4
AD-017_,adoption,court_county_2,text,0,COUNTY,0.9,45.8,559.9,175.2,578.4
AD-017_,adoption,parent_full_name_2,text,0,"Personally appeared the above named putative parent,",0.9,285.8,589.0,487.0,607.4
AD-017_,adoption,adoptee_date_signed_2,date,0,Date:,0.9,69.6,690.7,199.0,709.2
AD-017_,adoption,attorney_judge_attorney_at_law_notary_public_regi,text,0,Judge / Attorney at Law / Notary Public / Register / Clerk,0.9,271.0,690.7,523.0,709.2
AD-020_,adoption,court_county,text,0,County:,0.9,90.5,68.4,199.0,86.9
AD-020_,adoption,adoptee_location,text,0,Location:,0.9,423.8,68.4,559.0,86.9
AD-020_,adoption,case_number,text,0,Docket No.,0.9,105.6,83.0,199.0,101.5
AD-020_,adoption,case_number_2,text,0,Docket No.,0.9,432.5,83.0,559.0,101.5
AD-020_,adoption,adoptee_full_name,text,0,Name of Adoptee,0.7,45.8,156.5,445.8,179.4
AD-020_,adoption,adoptee_full_name_2,text,0,Name:,0.9,78.0,231.4,307.0,249.8
AD-020_,adoption,adoptee_dob,date,0,Date of birth:,0.9,368.9,231.4,487.0,249.8
AD-020_,adoption,gal_legal_residence,text,0,Legal Residence:,0.9,124.6,255.6,487.0,274.1
AD-020_,adoption,adoptee_address_street,text,0,Mailing Address:,0.9,125.3,279.6,487.0,298.1
AD-020_,adoption,adoptee_phone,text,0,Telephone:,0.9,98.2,303.8,271.0,322.3
AD-020_,adoption,adoptee_full_name_3,text,0,Name:,0.9,76.3,341.8,307.0,360.2
AD-020_,adoption,adoptee_dob_2,date,0,Date of birth:,0.9,368.9,341.8,487.0,360.2
AD-020_,adoption,gal_legal_residence_2,text,0,Legal Residence:,0.9,122.9,367.9,487.0,386.4
AD-020_,adoption,adoptee_address_street_2,text,0,Mailing Address:,0.9,123.6,393.8,487.0,412.3
AD-020_,adoption,adoptee_phone_2,text,0,Telephone:,0.9,96.5,418.1,271.0,436.6
AD-020_,adoption,adoptee_full_name_4,text,0,Name:,0.9,76.3,456.0,307.0,474.5
AD-020_,adoption,adoptee_dob_3,date,0,Date of birth:,0.9,368.9,456.0,487.0,474.5
AD-020_,adoption,gal_legal_residence_3,text,0,Legal Residence:,0.9,122.9,482.2,487.0,500.6
AD-020_,adoption,adoptee_address_street_3,text,0,Mailing Address:,0.9,123.6,508.1,487.0,526.6
AD-020_,adoption,petitioner_relationship,text,0,4. Relationship of petitioner(s) to the adoptee:,0.9,265.9,544.8,487.0,563.3
AD-020_,adoption,petitioner_relationship_2,text,0,4. Relationship of petitioner(s) to the adoptee:,0.9,62.2,557.5,487.0,576.0
AD-020_,adoption,adoptee_full_name_5,text,0,5. The adoption of the above-named adoptee was established by decree on:,0.9,383.8,582.7,487.0,601.2
AD-020_,adoption,adoptee_be_notified,text,0,be notified,0.7,44.2,654.5,444.2,676.1
AD-020_,adoption,adoptee_full_name_6,text,1,NAME,0.9,41.8,19.0,237.8,37.4
AD-020_,adoption,adoptee_address_street_4,text,1,ADDRESS & TELEPHONE NUMBER,0.9,238.3,19.0,558.7,37.4
AD-020_,adoption,adoptee_full_name_7,text,1,NAME,0.9,41.8,32.2,237.8,50.6
AD-020_,adoption,adoptee_address_street_5,text,1,ADDRESS & TELEPHONE NUMBER,0.9,238.3,32.2,558.7,50.6
AD-020_,adoption,adoptee_full_name_8,text,1,NAME,0.9,41.8,45.4,237.8,63.8
AD-020_,adoption,adoptee_address_street_6,text,1,ADDRESS & TELEPHONE NUMBER,0.9,238.3,45.4,558.7,63.8
AD-020_,adoption,adoptee_full_name_9,text,1,NAME,0.9,41.8,58.3,237.8,76.8
AD-020_,adoption,adoptee_address_street_7,text,1,ADDRESS & TELEPHONE NUMBER,0.9,238.3,58.3,558.7,76.8
AD-020_,adoption,adoptee_field,text,1,,0.7,41.8,71.5,237.8,90.0
AD-020_,adoption,adoptee_field_2,text,1,,0.7,238.3,71.5,558.7,90.0
AD-020_,adoption,adoptee_field_3,text,1,,0.7,41.8,84.7,237.8,103.2
AD-020_,adoption,adoptee_field_4,text,1,,0.7,238.3,84.7,558.7,103.2
AD-020_,adoption,adoptee_description,text,1,7. The decree of adoption should be reversed and annulled for the following reasons:,0.9,41.8,97.9,237.8,116.4
AD-020_,adoption,adoptee_description_2,text,1,7. The decree of adoption should be reversed and annulled for the following reasons:,0.9,238.3,97.9,558.7,116.4
AD-020_,adoption,adoptee_description_3,text,1,7. The decree of adoption should be reversed and annulled for the following reasons:,0.9,41.5,135.1,559.0,153.6
AD-020_,adoption,adoptee_description_4,text,1,7. The decree of adoption should be reversed and annulled for the following reasons:,0.9,41.5,147.8,559.0,166.3
AD-020_,adoption,adoptee_the_decree_of_adoption_should_be_reverse,text,1,The decree of adoption should be reversed and annulled for,0.9,41.5,160.3,559.0,178.8
AD-020_,adoption,adoptee_the_decree_of_adoption_should_be_reverse_2,text,1,The decree of adoption should be reversed and annulled for,0.9,41.5,173.0,559.0,191.5
AD-020_,adoption,adoptee_the_decree_of_adoption_should_be_reverse_3,text,1,The decree of adoption should be reversed and annulled for,0.9,41.5,185.8,559.0,204.2
AD-020_,adoption,adoptee_the_decree_of_adoption_should_be_reverse_4,text,1,The decree of adoption should be reversed and annulled for,0.9,41.5,198.2,559.0,216.7
AD-020_,adoption,adoptee_the_decree_of_adoption_should_be_reverse_5,text,1,The decree of adoption should be reversed and annulled for,0.9,41.5,211.0,559.0,229.4
AD-020_,adoption,adoptee_the_decree_of_adoption_should_be_reverse_6,text,1,The decree of adoption should be reversed and annulled for,0.9,41.5,223.7,559.0,242.2
AD-020_,adoption,adoptee_the_decree_of_adoption_should_be_reverse_7,text,1,The decree of adoption should be reversed and annulled for,0.9,41.5,236.4,559.0,254.9
AD-020_,adoption,adoptee_field_5,text,1,,0.7,41.5,248.9,559.0,267.4
AD-020_,adoption,adoptee_field_6,text,1,,0.7,41.5,261.6,559.0,280.1
AD-020_,adoption,adoptee_field_7,text,1,,0.7,41.5,274.3,559.0,292.8
AD-020_,adoption,adoptee_field_8,text,1,,0.7,41.5,286.8,559.0,305.3
AD-020_,adoption,adoptee_please_attach_an_additional_page_if_nece,text,1,(please attach an additional page if necessary),0.9,41.5,299.5,559.0,318.0
AD-020_,adoption,adoptee_please_attach_an_additional_page_if_nece_2,text,1,(please attach an additional page if necessary),0.9,41.5,312.2,559.0,330.7
AD-020_,adoption,adoptee_phone_3,text,1,Phone Number: _____________________________,0.7,55.7,467.6,455.7,495.7
AD-020_,adoption,adoptee_email,text,1,Email: ____________________________________,0.7,55.7,479.3,455.7,495.7
AD-020_,adoption,adoptee_phone_4,text,1,Phone Number: _____________________________,0.7,55.0,590.3,455.0,613.0
AD-022_,adoption,court_county,text,0,County:,0.9,77.0,68.4,199.0,86.9
AD-022_,adoption,adoptee_location,text,0,Location:,0.9,423.8,68.4,559.0,86.9
AD-022_,adoption,case_number,text,0,Docket No.,0.9,92.2,83.0,199.0,101.5
AD-022_,adoption,case_number_2,text,0,Docket No.,0.9,432.5,83.0,559.0,101.5
AD-022_,adoption,minor_middle_name,text,0,Name of Minor,0.9,45.8,124.8,235.0,143.3
AD-022_,adoption,adoptee_full_name,text,0,Name:,0.9,96.2,259.0,343.0,277.4
AD-022_,adoption,adoptee_dob,date,0,Date of birth:,0.9,404.9,259.0,559.0,277.4
AD-022_,adoption,gal_legal_residence,text,0,Legal residence:,0.9,139.2,284.4,559.0,302.9
AD-022_,adoption,adoptee_address_street,text,0,Mailing address:,0.9,140.4,309.6,559.0,328.1
AD-022_,adoption,petitioner_middle_name,text,0,2.   Petitioner’s relationship to minor child:,0.9,251.5,347.5,559.0,366.0
AD-022_,adoption,adoptee_to_obtain_other_information_as_specified,text,0,To obtain other information as specified below:,0.9,55.0,453.4,559.0,471.8
AD-022_,adoption,adoptee_to_obtain_other_information_as_specified_2,text,0,To obtain other information as specified below:,0.9,55.0,465.8,559.0,484.3
AD-022_,adoption,adoptee_to_inspect_but_not_obtain_a_copy_of_the_,text,0,"To inspect, but not obtain a copy of, the original birth record and any other evidence of said adoption",0.9,55.0,478.6,559.0,497.0
AD-022_,adoption,adoptee_to_inspect_but_not_obtain_a_copy_of_the__2,text,0,"To inspect, but not obtain a copy of, the following information specified below:",0.9,55.0,544.6,559.0,563.0
AD-022_,adoption,adoptee_to_inspect_but_not_obtain_a_copy_of_the__3,text,0,"To inspect, but not obtain a copy of, the following information specified below:",0.9,55.0,557.3,559.0,575.8
AD-022_,adoption,petitioner_address_state,text,0,4. Petitioner states the following reasons for requesting the above documents and/or information:,0.9,55.0,570.0,559.0,588.5
AD-022_,adoption,petitioner_address_state_2,text,0,4. Petitioner states the following reasons for requesting the above documents and/or information:,0.9,55.0,607.9,559.0,626.4
AD-022_,adoption,petitioner_address_state_3,text,0,4. Petitioner states the following reasons for requesting the above documents and/or information:,0.9,55.0,620.6,559.0,639.1
AD-022_,adoption,petitioner_address_state_4,text,0,Petitioner states the following reasons for requesting the,0.9,55.0,633.1,559.0,651.6
AD-022_,adoption,petitioner_address_state_5,text,0,Petitioner states the following reasons for requesting the,0.9,55.0,645.8,559.0,664.3
AD-022_,adoption,petitioner_address_state_6,text,0,Petitioner states the following reasons for requesting the,0.9,55.0,658.6,559.0,677.0
AD-022_,adoption,adoptee_phone,text,1,Phone Number: _____________________________,0.7,55.7,163.3,455.7,191.6
AD-022_,adoption,adoptee_email,text,1,Email: ____________________________________,0.7,55.7,175.0,455.7,191.6
AD-026,adoption,case_number,text,0,DOCKET NO.,0.9,480.2,130.2,540.1,148.7
AD-026,adoption,adoptee_full_name,text,0,Name of Adoptee,0.7,72.0,203.7,472.0,224.1
AD-026,adoption,petitioner_relationship,text,1,"Identify the relationship, if any, of petitioner(s) to the adoptee",0.7,108.0,308.2,508.0,341.4
AD-026,adoption,adoptee_full_name_2,text,2,Name,0.9,112.9,297.7,270.0,315.7
AD-026,adoption,adoptee_address_street,text,2,Address,0.9,94.5,319.9,251.6,337.9
AD-026,adoption,adoptee_address_street_2,text,2,Address,0.9,94.5,348.0,251.6,366.0
AD-026,adoption,adoptee_phone,text,2,Phone Number,0.9,94.5,376.2,251.6,394.2
AD-026,adoption,adoptee_maine_bar_number,text,2,Maine Bar Number,0.9,94.5,404.2,251.6,422.2
AD-026,adoption,adoptee_address_street_3,text,2,Email Address,0.9,94.5,432.4,251.6,450.4
AD-026,adoption,adoptee_address_street_4,text,2,Email Address,0.7,93.9,461.8,493.9,489.7
AD-026,adoption,court_county,text,2,COUNTY OF,0.9,133.9,496.5,254.6,514.5
AD-028,adoption,court_county,text,0,COUNTY PROBATE COURT,0.9,57.6,119.2,165.6,137.8
AD-028,adoption,case_number,text,0,DOCKET NO.,0.9,418.1,119.2,507.6,137.8
AD-028,adoption,adoptee_in_re,text,0,In Re:,0.9,84.8,144.6,273.6,163.1
AD-028,adoption,adoptee_i,text,0,"I,",0.9,100.9,191.8,414.5,210.2
AD-028,adoption,minor_full_name,text,0,(name of child).,0.9,95.2,214.8,484.0,233.3
AD-028,adoption,court_county_2,text,0,Probate Court or to execute a surrender and release of said child to,0.9,359.2,249.4,548.2,267.8
AD-028,adoption,adoptee_maine,text,0,(Maine,0.9,93.6,272.3,519.2,290.8
AD-028,adoption,minor_the_putative_parent_of_this_child_is,text,0,The putative parent of this child is:,0.9,233.5,352.8,548.2,371.3
AD-028,adoption,adoptee_who_resides_at,text,0,who resides at,0.9,150.8,382.7,548.2,401.2
AD-028,adoption,adoptee_i_believe_that_i_became_pregnant_in_on_o,text,0,I believe that I became pregnant in  _____________________________ on or about,0.9,433.2,626.6,525.6,645.1
AD-028,adoption,parent_address_street,text,0,7.            I believe the putative parent is most likely located at the following address:,0.9,398.0,656.5,553.2,675.0
AD-028,adoption,adoptee_description,text,0,for the following reasons:,0.9,95.2,668.0,548.2,686.5
AD-028,adoption,adoptee_description_2,text,0,for the following reasons:,0.9,199.2,679.6,548.2,698.0
AD-028,adoption,adoptee_description_3,text,0,for the following reasons:,0.9,93.6,696.8,548.2,715.3
AD-028,adoption,adoptee_description_4,text,0,for the following reasons:,0.9,93.6,714.1,548.2,732.6
AD-028,adoption,parent_8_i_believe_the_newspaper_in_which_publi,text,1,8.           I believe the newspaper in which public notice is most likely to reach the putative parent is,0.9,458.4,71.0,548.2,89.5
AD-028,adoption,parent_8_i_believe_the_newspaper_in_which_publi_2,text,1,8.           I believe the newspaper in which public notice is most likely to reach the putative parent is,0.9,92.6,88.2,548.2,106.7
AD-028,adoption,adoptee_description_5,text,1,for the following reasons:,0.9,92.6,105.5,548.2,124.0
AD-028,adoption,adoptee_description_6,text,1,for the following reasons:,0.9,198.1,135.4,548.2,153.8
AD-028,adoption,adoptee_description_7,text,1,for the following reasons:,0.9,92.6,152.6,548.2,171.1
AD-028,adoption,adoptee_description_8,text,1,for the following reasons:,0.9,92.6,169.9,548.2,188.4
AD-028,adoption,adoptee_date_signed,date,1,Date:,0.9,79.2,198.6,201.6,217.1
AD-028,adoption,minor_mother_of_child,text,1,Mother of Child,0.9,345.6,198.6,548.2,217.1
AD-028,adoption,court_county_3,text,1,COUNTY OF,0.9,117.0,256.1,237.6,274.6
AD-028,adoption,adoptee_field,text,1,",                        .",0.9,345.6,256.1,483.1,274.6
AD-028,adoption,adoptee_field_2,text,1,",                        .",0.9,488.2,256.1,545.8,274.6
AD-028,adoption,adoptee_full_name,text,1,Then personally appeared the above-named,0.9,270.5,279.1,543.2,297.6
AD-028,adoption,adoptee_before_me,text,1,"Before me,",0.9,354.6,348.1,548.2,366.6
AD-028,adoption,adoptee_full_name_2,text,1,Print Name:,0.9,360.7,371.0,548.2,389.5
AD-028,adoption,adoptee_1_18_c_m_r_s_9_201_1,text,1,1 18-C M.R.S. § 9-201(1),0.9,57.6,468.1,201.6,486.6
AD-029,adoption,adoptee_full_name,text,0,Name of Adoptee,0.7,45.0,209.9,445.0,247.9
AD-029,adoption,adoptee_full_name_2,text,0,1. Birth name:,0.9,147.1,257.6,558.2,276.1
AD-029,adoption,adoptee_full_name_3,text,0,"2. Name after adoption, if different:",0.9,249.6,271.4,558.2,289.9
AD-029,adoption,adoptee_date_signed,date,0,3. Birthdate:,0.9,138.1,285.1,558.2,303.6
AD-029,adoption,adoptee_full_name_4,text,0,4. Tribal affiliation (name of tribe) :,0.9,248.1,299.1,558.2,317.6
AD-029,adoption,parent_full_name,text,0,1. Biological parent name:,0.9,205.3,340.4,558.2,358.9
AD-029,adoption,adoptee_address_street,text,0,Address:,0.9,132.8,354.1,558.2,372.6
AD-029,adoption,parent_full_name_2,text,0,2. Biological parent name:,0.9,205.3,368.1,558.2,386.6
AD-029,adoption,adoptee_address_street_2,text,0,Address:,0.9,132.8,381.9,558.2,400.4
AD-029,adoption,adoptee_full_name_5,text,0,1. Name:,0.9,122.1,423.1,558.2,441.6
AD-029,adoption,adoptee_address_street_3,text,0,Address:,0.9,132.8,437.1,558.2,455.6
AD-029,adoption,adoptee_full_name_6,text,0,2. Name:,0.9,122.1,450.9,558.2,469.4
AD-029,adoption,adoptee_address_street_4,text,0,Address:,0.9,132.8,464.6,558.2,483.1
AD-029,adoption,adoptee_full_name_7,text,0,Name:,0.9,104.1,519.9,558.2,538.4
AD-029,adoption,adoptee_address_street_5,text,0,Address:,0.9,114.8,533.7,558.2,552.2
AD-029,adoption,adoptee_phone,text,0,Telephone:,0.9,126.1,547.4,558.2,565.9
AD-029,adoption,adoptee_phone_2,text,0,Phone Number: _____________________________,0.7,54.0,712.1,454.0,741.9
AD-029,adoption,adoptee_email,text,0,Email: _____________________________________,0.7,45.0,723.6,445.0,741.9
AD-030,adoption,court_county,text,0,County:,0.9,89.6,59.8,198.1,78.3
AD-030,adoption,adoptee_location,text,0,LOCATION:,0.9,440.2,59.8,558.2,78.3
AD-030,adoption,case_number,text,0,Docket No.,0.9,104.8,74.3,198.1,92.8
AD-030,adoption,case_number_2,text,0,Docket No.,0.9,431.7,74.3,558.2,92.8
AD-030,adoption,adoptee_place_of_birth,text,0,Place of Birth:,0.9,130.1,414.4,522.2,432.9
AD-030,adoption,court_4_this_court_is_the_proper_venue_because,checkbox,0,4. This Court is the proper venue because:,0.7,67.5,458.1,81.0,471.6
AD-030,adoption,court_county_2,checkbox,0,Adoptee resides in this county; and/or,0.7,67.5,471.6,81.0,485.1
AD-030,adoption,adoptee_6_custody_proceedings_i_we_check_all_tha,checkbox,0,6. Custody Proceedings. I/We (check all that apply):,0.7,63.0,609.0,76.5,622.5
AD-030,adoption,adoptee_have_has_information_of_a_custody_procee,checkbox,0,have/has information of a custody proceeding concerning the adoptee pending in a court in Maine or some,0.7,63.0,639.0,76.5,652.5
AD-030,adoption,adoptee_know_s_of_a_person_not_a_party_to_this_c,radio,0,"know(s) of a person, not a party to this case, who has physical custody of the adoptee or claims to have",0.7,72.0,669.2,85.5,682.7
AD-030,adoption,minor_6_please_provide_an_explanation_of_the_c,text,1,6. Please provide an explanation of the circumstances of the child’s birth through assisted reproduction:,0.9,45.0,34.3,522.2,53.3
AD-030,adoption,minor_6_please_provide_an_explanation_of_the_c_2,text,1,6. Please provide an explanation of the circumstances of the child’s birth through assisted reproduction:,0.9,45.0,47.0,522.2,66.0
AD-030,adoption,adoptee_please_provide_an_explanation_of_the_cir,text,1,Please provide an explanation of the circumstances of the,0.9,45.0,59.5,522.2,78.5
AD-030,adoption,adoptee_please_provide_an_explanation_of_the_cir_2,text,1,Please provide an explanation of the circumstances of the,0.9,45.0,72.3,522.2,91.3
AD-030,adoption,adoptee_please_provide_an_explanation_of_the_cir_3,text,1,Please provide an explanation of the circumstances of the,0.9,45.0,84.8,522.2,103.8
AD-030,adoption,adoptee_please_provide_an_explanation_of_the_cir_4,text,1,Please provide an explanation of the circumstances of the,0.9,45.0,97.5,522.2,116.5
AD-030,adoption,adoptee_please_provide_an_explanation_of_the_cir_5,text,1,Please provide an explanation of the circumstances of the,0.9,45.0,110.3,522.2,129.3
AD-030,adoption,adoptee_please_provide_an_explanation_of_the_cir_6,text,1,Please provide an explanation of the circumstances of the,0.9,45.0,122.8,522.2,141.8
AD-030,adoption,adoptee_please_provide_an_explanation_of_the_cir_7,text,1,Please provide an explanation of the circumstances of the,0.9,45.0,135.5,522.2,154.5
AD-030,adoption,adoptee_field,text,1,,0.7,45.0,148.0,522.2,167.0
AD-030,adoption,adoptee_field_2,text,1,,0.7,45.0,160.8,522.2,179.8
AD-030,adoption,adoptee_field_3,text,1,,0.7,45.0,173.5,522.2,192.5
AD-030,adoption,adoptee_field_4,text,1,,0.7,45.0,186.1,522.2,205.1
AD-030,adoption,adoptee_field_5,text,1,,0.7,45.0,198.8,522.2,217.8
AD-030,adoption,petitioner_7_the_petitioner_s_hereby_attest_s_to_th,text,1,7 . The petitioner(s) HEREBY ATTEST(S) to the following information:,0.9,45.0,211.3,522.2,230.3
AD-030,adoption,petitioner_7_the_petitioner_s_hereby_attest_s_to_th_2,checkbox,1,7 . The petitioner(s) HEREBY ATTEST(S) to the following information:,0.7,45.0,254.8,58.5,268.3
AD-030,adoption,petitioner_each_petitioner_consented_to_the_child_s,checkbox,1,Each petitioner consented to the child’s birth through assisted reproduction; and,0.7,45.0,268.3,58.5,281.9
AD-030,adoption,petitioner_8_required_attachments_the_petitioner_s_,checkbox,1,8. Required Attachments. The petitioner(s) has/have attached the following documents:,0.7,45.0,307.1,58.5,320.6
AD-030,adoption,minor_a_copy_of_the_child_s_birth_certificate_,checkbox,1,A copy of the child’s birth certificate; and,0.7,45.0,320.6,58.5,334.1
AD-030,adoption,petitioner_a_copy_of_the_joint_petitioners_marriage,checkbox,1,A copy of the joint petitioners’ marriage certificate.,0.7,63.0,334.1,76.5,347.6
AD-030,adoption,petitioner_not_applicable_because_the_joint_petitio,checkbox,1,Not applicable because the joint petitioners are not married.,0.7,63.0,347.6,76.5,361.1
AD-030,adoption,adoptee_full_name,text,1,Name:,0.9,85.5,405.9,261.1,424.4
AD-030,adoption,adoptee_full_name_2,text,1,Name:,0.9,370.6,405.9,560.0,424.4
AD-030,adoption,adoptee_address_street,text,1,Address:,0.9,91.1,417.9,261.1,436.4
AD-030,adoption,adoptee_address_street_2,text,1,Address:,0.9,380.1,417.9,560.0,436.4
AD-030,adoption,adoptee_address_street_3,text,1,Address:,0.9,90.6,429.9,261.1,448.4
AD-030,adoption,adoptee_address_street_4,text,1,Address:,0.9,379.6,429.9,560.0,448.4
AD-030,adoption,adoptee_phone,text,1,Phone Number:,0.9,117.6,441.9,261.1,460.4
AD-030,adoption,adoptee_phone_2,text,1,Phone Number:,0.9,405.7,441.9,560.0,460.4
AD-030,adoption,adoptee_phone_3,text,1,Phone Number:,0.9,117.1,453.9,261.1,472.4
AD-030,adoption,adoptee_phone_4,text,1,Phone Number:,0.9,405.2,453.9,560.0,472.4
AD-030,adoption,petitioner_attorney_for_petitioner_s_if_any,text,1,"Attorney for Petitioner(s), if any:",0.9,84.8,477.4,261.1,495.9
AD-030,adoption,adoptee_phone_5,text,1,Phone Number:,0.9,369.9,477.4,560.0,495.9
AD-030,adoption,attorney_signature,signature,1,Signature of Attorney and Maine Bar Registration Number,0.9,44.0,505.4,261.1,523.9
AD-030,adoption,adoptee_full_name_3,text,1,Name:,0.9,85.5,528.9,261.1,547.4
AD-030,adoption,adoptee_address_street_5,text,1,Address:,0.9,91.1,540.9,261.1,559.4
AD-030,adoption,adoptee_address_street_6,text,1,Address:,0.9,90.6,552.9,261.1,571.4
AD-030,adoption,adoptee_phone_6,text,1,Phone Number:,0.9,117.6,564.9,261.1,583.4
AD-030,adoption,adoptee_phone_7,text,1,Phone Number:,0.9,117.1,577.0,261.1,595.5
AD-030,adoption,adoptee_email,text,1,Email:,0.9,84.8,589.0,261.1,607.5
AD-032,adoption,court_instructions_for_adoptions_filed_in_the_,text,0,Instructions for adoptions filed in the District Court:,0.9,48.8,180.6,305.8,199.1
AD-032,adoption,court_county,text,0,Instructions for adoptions filed in the Probate Court:,0.9,306.2,180.6,563.2,199.1
AD-032,adoption,adoptee_3_the_department_of_health_and_human_ser,text,0,3. The Department of Health and Human Services will,0.9,90.0,240.0,237.0,258.5
AD-032,adoption,adoptee_first_name,text,0,"Full name ( first, middle last ):",0.9,48.8,337.2,305.8,355.7
AD-032,adoption,adoptee_field,text,0,_________________________________________________,0.9,306.2,337.2,563.2,355.7
AD-032,adoption,adoptee_first_name_2,text,0,"Full name ( first, middle last ):",0.9,184.7,360.7,558.0,379.2
AD-032,adoption,adoptee_full_name,text,0,Aliases ( including maiden name ):,0.9,204.0,378.8,558.0,397.3
AD-032,adoption,adoptee_dob,date,0,Date of birth ( mm/dd/yyyy ):,0.9,178.8,396.8,558.0,415.3
AD-032,adoption,adoptee_address_street,text,0,Mailing address:,0.9,132.1,415.0,558.0,433.4
AD-032,adoption,adoptee_date_signed,date,0,Date:,0.9,76.7,617.2,198.0,635.6
AD-032,adoption,petitioner_signature,signature,0,Signature of petitioner,0.9,306.0,617.2,558.0,635.6
AD-032,adoption,adoptee_date_signed_2,date,0,Date:,0.9,76.7,653.4,198.0,671.9
AD-032,adoption,petitioner_signature_2,signature,0,Signature and bar number of attorney for petitioner,0.9,306.0,653.4,558.0,671.9
AD-032,adoption,adoptee_address_street_2,text,0,Address:,0.9,346.2,689.6,558.0,708.1
AD-032,adoption,adoptee_phone,text,0,Phone number:,0.9,306.0,701.8,558.0,720.2
AD-032,adoption,adoptee_phone_2,text,0,Phone number:,0.9,375.7,713.8,558.0,732.2
AD-GS-292,adoption,court_county,text,0,County:,0.9,74.2,87.7,216.0,106.2
AD-GS-292,adoption,adoptee_location,text,0,Location:,0.9,404.9,87.7,540.0,106.2
AD-GS-292,adoption,case_number,text,0,Docket No.:,0.9,92.5,100.4,216.0,118.9
AD-GS-292,adoption,case_number_2,text,0,Docket No.:,0.9,416.5,100.4,540.0,118.9
AD-GS-292,adoption,adoptee_in_re,checkbox,0,IN RE: ___________________________,0.7,37.1,146.3,47.4,156.6
AD-GS-292,adoption,petitioner_plaintiff,text,0,Plaintiff,0.9,51.4,176.3,216.0,194.8
AD-GS-292,adoption,petitioner_plaintiff_2,checkbox,0,Plaintiff,0.7,37.1,184.2,47.4,194.5
AD-GS-292,adoption,respondent_defendant,text,0,Defendant,0.9,49.6,214.2,216.0,232.7
AD-GS-292,adoption,adoptee_i,text,0,"I,",0.9,45.1,252.2,216.0,270.7
AD-GS-292,adoption,parent_parental_rights_and_responsibilities,checkbox,0,Parental Rights and Responsibilities,0.7,73.1,291.5,83.4,301.8
AD-GS-292,adoption,adoptee_divorce,checkbox,0,Divorce,0.7,289.1,291.5,299.4,301.8
AD-GS-292,adoption,adoptee_adoption,checkbox,0,Adoption,0.7,73.1,310.4,83.4,320.8
AD-GS-292,adoption,adoptee_paternity,checkbox,0,Paternity,0.7,289.1,310.4,299.4,320.8
AD-GS-292,adoption,adoptee_protective_custody,checkbox,0,Protective Custody,0.7,73.1,329.5,83.4,339.8
AD-GS-292,adoption,guardian_guardianship,checkbox,0,Guardianship,0.7,289.1,329.5,299.4,339.8
AD-GS-292,adoption,adoptee_other,text,0,Other:,0.9,334.2,340.4,540.0,358.9
AD-GS-292,adoption,adoptee_juvenile,checkbox,0,Juvenile,0.7,73.1,348.4,83.4,358.7
AD-GS-292,adoption,adoptee_other_2,checkbox,0,Other:,0.7,289.1,348.4,299.4,358.7
AD-GS-292,adoption,adoptee_date,date,0,A hearing in this case is scheduled for (mm/dd/yyyy),0.9,269.0,365.6,396.0,384.1
AD-GS-292,adoption,adoptee_at,text,0,at,0.9,409.4,365.6,468.0,384.1
AD-GS-292,adoption,adoptee_a_m,checkbox,0,a.m.,0.7,471.8,373.6,482.2,383.9
AD-GS-292,adoption,adoptee_a_m_2,checkbox,0,a.m.,0.7,508.9,373.6,519.2,383.9
AD-GS-292,adoption,adoptee_first_name,text,0,First,0.9,104.0,500.2,540.0,518.6
AD-GS-292,adoption,adoptee_address_street,text,0,Physical Address:,0.9,72.0,550.8,540.0,569.3
AD-GS-292,adoption,adoptee_address_street_2,text,0,Physical Address:,0.9,153.8,563.4,540.0,581.9
AD-GS-292,adoption,adoptee_dob,date,0,Date of Birth: (mm/dd/yyyy),0.9,198.4,588.8,324.0,607.3
AD-GS-292,adoption,adoptee_first_name_2,text,0,First,0.9,104.0,626.4,540.0,644.9
AD-GS-292,adoption,adoptee_address_street_3,text,0,Physical Address:,0.9,72.0,676.9,540.0,695.4
AD-GS-292,adoption,adoptee_address_street_4,text,0,Physical Address:,0.9,153.8,689.6,540.0,708.1
AD-GS-292,adoption,adoptee_dob_2,date,0,Date of Birth: (mm/dd/yyyy),0.9,198.4,715.0,324.0,733.4
AD-GS-292,adoption,adoptee_full_name,text,1,Name:,0.9,104.0,149.6,540.0,168.1
AD-GS-292,adoption,parent_parent_2,text,1,Parent #2:,0.9,72.0,200.3,540.0,218.8
AD-GS-292,adoption,adoptee_full_name_2,text,1,Name:,0.9,104.0,231.6,540.0,250.1
AD-GS-292,adoption,minor_reunification_of_the_child_with,text,1,Reunification of the Child with:,0.9,72.0,282.4,540.0,300.8
AD-GS-292,adoption,minor_reunification_of_the_child_with_2,checkbox,1,Reunification of the Child with:,0.7,73.1,321.4,83.4,331.7
AD-GS-292,adoption,parent_parent_1_is_not_viable_under_maine_law_b,radio,1,Parent #1 is not viable under Maine law because of:,0.7,109.1,334.1,119.4,344.4
AD-GS-292,adoption,adoptee_abuse_as_defined_by_22_m_r_s_4002_1,radio,1,"Abuse, as defined by 22 M.R.S. § 4002(1);",0.7,109.1,346.7,119.4,357.0
AD-GS-292,adoption,adoptee_neglect_as_defined_by_22_m_r_s_4002_1,radio,1,"Neglect, as defined by 22 M.R.S. § 4002(1);",0.7,109.1,359.4,119.4,369.7
AD-GS-292,adoption,adoptee_abandonment_as_defined_by_22_m_r_s_4002_,radio,1,"Abandonment, as defined by 22 M.R.S. § 4002(1-A); or",0.7,109.1,372.0,119.4,382.3
AD-GS-292,adoption,parent_parent_2_is_not_viable_under_maine_law_b,checkbox,1,Parent #2 is not viable under Maine law because of:,0.7,73.1,397.3,83.4,407.6
AD-GS-292,adoption,parent_parent_2_is_not_viable_under_maine_law_b_2,radio,1,Parent #2 is not viable under Maine law because of:,0.7,109.1,409.9,119.4,420.2
AD-GS-292,adoption,adoptee_abuse_as_defined_by_22_m_r_s_4002_1_2,radio,1,"Abuse, as defined by 22 M.R.S. § 4002(1);",0.7,109.1,422.6,119.4,433.0
AD-GS-292,adoption,adoptee_neglect_as_defined_by_22_m_r_s_4002_1_2,radio,1,"Neglect, as defined by 22 M.R.S. § 4002(1);",0.7,109.1,435.2,119.4,445.6
AD-GS-292,adoption,adoptee_abandonment_as_defined_by_22_m_r_s_4002__2,radio,1,"Abandonment, as defined by 22 M.R.S. § 4002(1-A); or",0.7,109.1,448.0,119.4,458.3
AD-GS-292,adoption,adoptee_pursuant_to_22_m_r_s_4002_1_c_and_19_a_m,checkbox,1,"Pursuant to 22 M.R.S. § 4002(1-C) and 19-A M.R.S. § 1653(3), it is not in the best interest of the",0.7,73.1,466.6,83.4,476.9
AD-GS-292,adoption,minor_child_ren_to_be_returned_to_specify_coun,text,1,Child(ren) to be returned to (specify country or countries),0.9,328.9,471.2,540.0,489.7
AD-GS-292,adoption,adoptee_additional_findings_or_conclusions_reque,text,1,Additional findings or conclusions requested:,0.9,72.0,515.2,540.0,533.6
AD-GS-292,adoption,adoptee_additional_findings_or_conclusions_reque_2,text,1,Additional findings or conclusions requested:,0.9,72.0,527.9,540.0,546.4
AD-GS-292,adoption,adoptee_additional_findings_or_conclusions_reque_3,text,1,Additional findings or conclusions requested:,0.9,72.0,540.5,540.0,559.0
AD-GS-292,adoption,court_wherefore_i_request_that_the_court_enter,text,1,"WHEREFORE, I request that the Court enter the special findings of fact and conclusions of law.",0.9,72.0,553.2,540.0,571.7
AD-GS-292,adoption,adoptee_signature,signature,1,Signature of moving party,0.9,36.0,603.7,324.0,622.2
AD-GS-292,adoption,adoptee_date_signed,date,1,Date ( mm/dd/yyyy ):,0.9,35.6,625.4,130.8,643.9
AD-GS-292,adoption,adoptee_date_signed_2,date,1,Date ( mm/dd/yyyy ):,0.9,131.3,625.4,357.2,643.9
AD-GS-292,adoption,adoptee_field,text,1,,0.7,357.7,625.4,576.2,643.9
AD-GS-292,adoption,adoptee_date_signed_3,date,1,Date ( mm/dd/yyyy ):,0.9,130.8,639.2,357.2,657.7
AD-GS-292,adoption,adoptee_address_street_5,text,1,Address:,0.9,130.8,652.8,357.2,671.3
AD-GS-292,adoption,adoptee_address_street_6,text,1,Address:,0.9,130.8,666.4,357.2,684.8
AD-GS-292,adoption,adoptee_phone,text,1,Phone Number:,0.9,130.8,680.0,357.2,698.5
AD-GS-292,adoption,adoptee_phone_2,text,1,Phone Number:,0.9,130.8,693.6,357.2,712.1
AD-GS-292,adoption,adoptee_ad_fm_gs_jv_pa_pc_292_rev_08_24,text,1,"AD-FM-GS-JV-PA-PC-292, Rev. 08/24",0.9,130.8,707.2,357.2,725.6
AD-GS-292,adoption,adoptee_email,text,1,Email:,0.9,35.6,714.6,130.8,733.1
AD-GS-292,adoption,adoptee_ad_fm_gs_jv_pa_pc_292_rev_08_24_2,text,1,"AD-FM-GS-JV-PA-PC-292, Rev. 08/24",0.9,130.6,714.6,357.2,733.1
AD-GS-292,adoption,adoptee_email_2,text,1,Email:,0.9,357.0,714.6,576.2,733.1
AD-GS-292,adoption,attorney_signature,signature,2,Signature of Attorney and Maine Bar Registration Number,0.9,36.0,100.4,324.0,118.9
AD-GS-292,adoption,adoptee_date_signed_4,date,2,Date ( mm/dd/yyyy ):,0.9,35.6,122.0,130.8,140.5
AD-GS-292,adoption,adoptee_date_signed_5,date,2,Date ( mm/dd/yyyy ):,0.9,131.3,122.0,357.2,140.5
AD-GS-292,adoption,attorney_signature_2,signature,2,Signature of Attorney and Maine Bar Registration Number,0.9,357.7,122.0,576.2,140.5
AD-GS-292,adoption,adoptee_date_signed_6,date,2,Date ( mm/dd/yyyy ):,0.9,130.8,135.8,357.2,154.3
AD-GS-292,adoption,adoptee_address_street_7,text,2,Address:,0.9,130.8,149.4,357.2,167.9
AD-GS-292,adoption,adoptee_address_street_8,text,2,Address:,0.9,130.8,163.1,357.2,181.6
AD-GS-292,adoption,adoptee_phone_3,text,2,Phone Number:,0.9,130.8,176.6,357.2,195.1
AD-GS-292,adoption,adoptee_phone_4,text,2,Phone Number:,0.9,130.8,190.2,357.2,208.7
AD-GS-292,adoption,adoptee_email_3,text,2,Email:,0.9,130.8,203.9,357.2,222.4
AD-GS-292,adoption,adoptee_email_4,text,2,Email:,0.9,35.6,212.3,130.8,230.8
AD-GS-292,adoption,adoptee_email_5,text,2,Email:,0.9,130.6,212.3,357.2,230.8
AD-GS-292,adoption,adoptee_email_6,text,2,Email:,0.9,357.0,212.3,576.2,230.8
AD-GS-292,adoption,attorney_attorney_at_law,checkbox,2,Attorney at Law,0.7,289.1,405.1,299.4,415.4
AD-GS-292,adoption,attorney_attorney_at_law_2,checkbox,2,Attorney at Law,0.7,379.3,405.1,389.6,415.4
AD-GS-292,adoption,adoptee_notary_public,checkbox,2,Notary Public,0.7,458.8,405.1,469.1,415.4
AD-GS-292,adoption,court_register,checkbox,2,Register,0.7,513.6,405.1,523.9,415.4
AD-GS-292,adoption,adoptee_a_true_copy_attest,text,2,"A True Copy, Attest",0.9,128.5,424.3,288.0,442.8
AD-GS-292,adoption,adoptee_clerk,checkbox,2,Clerk,0.7,145.1,444.8,155.4,455.2
AD-GS-292,adoption,adoptee_clerk_2,checkbox,2,Clerk,0.7,187.7,444.8,198.0,455.2
AF-101,affidavits,court_county,text,0,COUNTY PROBATE COURT,0.9,54.0,108.2,159.1,126.7
AF-101,affidavits,case_number,text,0,DOCKET NO.,0.9,404.4,108.2,522.0,126.7
AF-101,affidavits,petitioner_in_re,text,0,In Re:,0.9,81.1,142.6,306.4,161.0
AF-101,affidavits,minor_child_was_the_subject_of_an_order_issued,text,0,child was the subject of an order issued by Maine District,0.9,322.3,380.3,517.6,398.9
AF-101,affidavits,minor_middle_name,date,0,"1. Name, date of birth, and address of minor child(ren):",0.9,54.0,395.2,516.0,413.2
AF-101,affidavits,minor_first_name,date,0,"2. Name, date of birth, address and telephone number of child(ren)’s first legal parent:",0.9,54.0,435.0,516.0,453.0
AF-101,affidavits,minor_full_name,date,0,"3. Name, date of birth, address and telephone number of child(ren)’s second legal parent:",0.9,54.0,474.8,516.0,492.8
AF-101,affidavits,petitioner_full_name,date,0,"Name, date of birth, address and telephone number of",0.9,433.6,499.7,512.2,518.3
AF-101,affidavits,guardian_full_name,date,0,"4. Name, date of birth, address and telephone number of child(ren)’s guardian:",0.9,54.0,514.7,522.0,532.7
AF-101,affidavits,petitioner_full_name_2,date,0,"Name, date of birth, address and telephone number of",0.9,391.7,539.5,506.5,558.1
AF-101,affidavits,petitioner_full_name_3,date,0,"5. Name, date of birth, address and telephone number of Petitioner(s):",0.9,54.0,554.5,516.0,572.5
AF-101,affidavits,guardian_full_name_2,text,0,", state under oath, that I know of no guardianship, adoption, name",0.9,270.2,579.4,535.0,598.0
AF-101,affidavits,petitioner_7_i,text,0,"7. I,",0.9,72.5,607.0,248.9,625.6
AF-101,affidavits,petitioner_8_i,text,0,"8. I,",0.9,73.7,662.0,251.3,680.6
AF-101,affidavits,petitioner_9_i,text,0,"9. I,",0.9,72.5,717.2,248.8,735.8
AF-101,affidavits,petitioner_10_i,text,1,"10. I,",0.9,79.3,59.5,256.3,78.1
AF-101,affidavits,minor_case_concerning_the_child_ren_pending_in,text,1,"case  concerning the child(ren) pending in that court, and no case ever transferred.",0.9,279.5,223.4,363.6,242.0
AF-101,affidavits,petitioner_checked_with_the_clerk_of_the,text,1, Checked with the clerk of the,0.9,264.7,251.0,369.0,269.6
AF-101,affidavits,ward_middle_name,text,1,"cases in District Court relating to parental rights termination, award of parental rights to a third party,",0.9,199.8,278.0,268.6,296.5
AF-101,affidavits,court_full_name,text,1,Court case name is,0.9,381.8,304.2,480.6,322.7
AF-101,affidavits,case_number_2,text,1,"guardianship, and/or adoption, and that case docket number is and District",0.9,200.3,318.2,558.1,336.8
AF-101,affidavits,court_district_court_that_currently_affects_th,text,1,District Court that currently affects the care and custody of the,0.9,78.5,343.4,213.7,362.0
AF-101,affidavits,court_district_court_that_currently_affects_th_2,text,1,District Court that currently affects the care and custody of the,0.9,54.0,357.2,222.0,375.8
AF-101,affidavits,petitioner_date_signed,date,1,Date,0.9,54.0,523.9,276.0,541.9
AF-101,affidavits,petitioner_field,text,1,,0.7,306.0,523.9,498.0,541.9
AF-101,affidavits,petitioner_address_state,text,1,STATE OF MAINE,0.9,124.9,576.5,275.4,595.1
AF-101,affidavits,petitioner_the_petitioner_personally_appeared_and_m,text,1,", the Petitioner, personally appeared and made oath that the",0.9,90.0,604.0,258.0,622.6
AF-101,affidavits,petitioner_date_signed_2,date,1,Dated:,0.9,86.0,659.2,275.0,677.8
AF-101,affidavits,petitioner_upon_petitioner_s_information_and_belief,text,1,"upon Petitioner’s information and belief, that Petitioner believes the same to be true.",0.9,348.0,659.2,504.4,677.8
AF-102,affidavits,petitioner_date_signed,date,0,Dated:,0.9,89.0,399.0,234.0,417.6
AF-102,affidavits,petitioner_field,text,0,_________________________,0.9,456.0,550.8,522.0,569.4
AF-102,affidavits,petitioner_1_18_c_m_r_s_3_1201,text,0,1 18-C M.R.S. § 3-1201.,0.9,54.0,701.5,198.0,720.4
AF-103,affidavits,court_county,text,0,COUNTY PROBATE COURT,0.9,85.0,102.7,193.0,121.3
AF-103,affidavits,case_number,text,0,DOCKET NO.,0.9,445.4,102.7,535.0,121.3
AF-103,affidavits,petitioner_am_over_the_age_of_18_and_am_a_resident_,text,0,", am over the age of 18 and am a resident of",0.9,96.8,199.2,312.0,217.8
AF-103,affidavits,court_county_2,text,0,in the County of,0.9,90.0,213.0,344.8,231.6
AF-103,affidavits,petitioner_am_over_the_age_of_18_and_am_a_resident__2,text,0,", am over the age of 18 and am a resident of",0.9,422.5,213.0,516.0,231.6
AF-103,affidavits,petitioner_under_penalty_of_perjury_i_hereby_affirm,text,0,"Under penalty of perjury, I hereby affirm that:",0.9,310.8,226.8,519.0,245.4
AF-103,affidavits,minor_middle_name,text,0, I have the following minor children (included ages for children),0.7,126.0,359.6,526.0,395.5
AF-103,affidavits,petitioner_former_spouse,text,0,former spouse.,0.9,125.0,532.6,272.8,551.2
AF-103,affidavits,petitioner_affiant,text,0,Affiant,0.9,312.0,532.6,524.8,551.2
AF-103,affidavits,petitioner_ss,text,0,", ss.",0.9,161.3,587.8,265.0,606.4
AF-103,affidavits,petitioner_address_state,text,0,"penalty of perjury, affirmed the truth of the foregoing statement and acknowledged",0.9,302.9,619.9,427.0,638.5
AF-103,affidavits,petitioner_and_deed,text,0,and deed.,0.9,125.0,688.9,272.8,707.5
AF-103,affidavits,petitioner_notary_public,text,0,Notary Public,0.9,342.0,688.9,524.8,707.5
AF-104,affidavits,court_county,text,0,COUNTY PROBATE COURT,0.9,54.0,97.4,162.0,115.9
AF-104,affidavits,case_number,text,0,DOCKET NO.,0.9,368.5,97.4,450.0,115.9
AF-104,affidavits,petitioner_i,text,0,"I,",0.9,98.3,154.9,234.0,173.4
AF-104,affidavits,petitioner_i_2,text,0,"I,",0.9,98.3,178.0,198.0,196.4
AF-104,affidavits,petitioner_reside_in,text,0,", reside in",0.9,239.8,178.0,414.0,196.4
AF-104,affidavits,petitioner_the_interested_party_whose_whereabouts_a,text,0,The interested party whose whereabouts are unknown is,0.9,317.2,200.9,522.0,219.4
AF-104,affidavits,petitioner_last_name,text,0,The last known whereabouts of this person is:,0.9,276.0,223.9,522.0,242.4
AF-104,affidavits,petitioner_date_signed,date,0,Dated:,0.9,83.2,430.9,234.0,449.4
AF-104,affidavits,petitioner_field,text,0,_________________________,0.9,431.0,545.9,486.0,564.4
AF-104,affidavits,petitioner_1_see_gaeth_v_deacon_2009_me_9_964_a_2d_,text,0,"1 See Gaeth v. Deacon, 2009 ME 9, 964 A.2d 621 (2009) regarding efforts required to satisfy “diligent search” requirement.",0.9,54.0,701.5,198.0,720.4
AF-104,affidavits,petitioner_field_2,text,1,,0.7,54.0,136.3,553.1,154.8
AF-104,affidavits,petitioner_field_3,text,1,,0.7,54.0,288.1,558.0,306.6
AF-104,affidavits,petitioner_field_4,text,1,,0.7,54.0,439.9,558.0,458.4
AF-104,affidavits,petitioner_phone,text,1,Note:  Use this space to explain your reasons for not attempting to telephone various people:,0.9,54.0,643.4,558.0,661.9
AF-105,affidavits,court_county,text,0,COUNTY PROBATE COURT,0.9,63.4,94.0,171.4,112.4
AF-105,affidavits,petitioner_address_state,text,0,STATE OF MAINE,0.9,413.9,94.0,495.4,112.4
AF-105,affidavits,petitioner_a_cash_on_hand,text,0,a. Cash on hand,0.9,63.4,244.6,134.2,263.5
AF-105,affidavits,petitioner_f_other_christmas_club_etc_specify,text,0,"f.     Other (Christmas Club, etc.) - (specify): ____________________",0.9,99.4,359.6,207.6,378.6
AF-105,affidavits,estate_address_state,currency,1,a. Do you own a house or other real estate?      Yes.  Estimated market value of the property is $ ________.     No.,0.9,63.4,100.9,141.8,119.9
AF-105,affidavits,petitioner_date,date,1,1. Monthly Living Expenses,0.9,63.4,215.4,115.0,234.4
AF-105,affidavits,petitioner_address_city,text,1,"c. Utilities (e.g. electricity, heat, water, sewer, telephone)",0.7,99.4,291.6,499.4,319.0
AF-105,affidavits,attorney_notary_public_attorney_at_law,text,1,Notary Public/Attorney-at-Law,0.9,351.4,663.6,531.4,682.1
APP-1,appeals,petitioner_full_name,text,0,Name,0.9,72.0,544.7,229.2,563.2
APP-1,appeals,petitioner_address_street,text,0,Address,0.9,72.0,573.7,229.2,592.2
APP-1,appeals,petitioner_address_street_2,text,0,Address,0.9,72.0,602.6,229.2,621.1
APP-1,appeals,petitioner_phone,text,0,Phone Number,0.9,72.0,630.7,229.2,649.2
APP-1,appeals,petitioner_maine_bar_number,text,0,Maine Bar Number,0.9,72.0,658.7,229.2,677.2
APP-1,appeals,petitioner_address_street_3,text,0,Email Address,0.9,72.0,687.1,229.2,705.6
APP-2,appeals,petitioner_full_name,text,0,"Name, Address, Telephone Number and Bar Number of Petitioner’s Attorney",0.7,72.0,208.0,472.0,225.0
APP-2,appeals,respondent_full_name,text,0,"Name, Address, Telephone Number and Bar Number of Respondent’s Attorney",0.7,72.0,242.5,472.0,259.6
APP-2,appeals,attorney_full_name,text,0,"Name, Address and Telephone Number of Appellant or Appellant’s Attorney and Maine Bar Number",0.7,72.0,277.0,472.0,294.1
APP-2,appeals,petitioner_date_signed,date,0,HEARING DATE,0.9,93.6,572.2,167.8,590.6
APP-2,appeals,petitioner_proceeding_trial_motion_etc,text,0,"PROCEEDING (Trial, Motion, etc.)",0.9,201.6,572.2,347.2,590.6
APP-2,appeals,court_court_reporter_tape_index_no,text,0,COURT REPORTER/TAPE & INDEX NO.,0.9,374.4,572.2,553.1,590.6
APP-2,appeals,petitioner_date_signed_2,date,0,HEARING DATE,0.9,82.0,589.7,180.0,608.2
APP-2,appeals,petitioner_proceeding_trial_motion_etc_2,text,0,"PROCEEDING (Trial, Motion, etc.)",0.9,201.6,589.7,352.8,608.2
APP-2,appeals,court_court_reporter_tape_index_no_2,text,0,COURT REPORTER/TAPE & INDEX NO.,0.9,374.4,589.7,552.2,608.2
APP-2,appeals,petitioner_field,text,0,,0.7,82.0,607.2,180.0,625.7
APP-2,appeals,petitioner_field_2,text,0,,0.7,201.6,607.2,352.8,625.7
APP-2,appeals,petitioner_field_3,text,0,,0.7,374.4,607.2,552.2,625.7
APP-2,appeals,petitioner_field_4,text,0,,0.7,82.0,624.6,180.0,643.1
APP-2,appeals,petitioner_field_5,text,0,,0.7,201.6,624.6,352.8,643.1
APP-2,appeals,petitioner_field_6,text,0,,0.7,374.4,624.6,552.2,643.1
APP-2,appeals,petitioner_field_7,text,0,,0.7,82.0,642.1,180.0,660.6
APP-2,appeals,petitioner_field_8,text,0,,0.7,201.6,642.1,352.8,660.6
APP-2,appeals,petitioner_field_9,text,0,,0.7,374.4,642.1,552.2,660.6
APP-2,appeals,petitioner_date_signed_3,date,0,DATED:,0.9,111.1,682.7,223.2,701.2
APP-2,appeals,petitioner_individual_requesting_transcript_order,text,0,Individual Requesting Transcript Order,0.9,309.6,682.7,504.0,701.2
CN-1,name_change,court_county,text,0,COUNTY PROBATE COURT,0.9,56.9,128.1,167.6,146.7
CN-1,name_change,case_number,text,0,DOCKET NO.,0.9,417.8,128.1,507.7,146.7
CN-1,name_change,petitioner_1_see_m_r_prob_p_11,text,1,1 See M.R. Prob. P. 11,0.9,57.6,668.4,201.6,687.1
CN-1,name_change,petitioner_date_signed,date,2,DATED:,0.9,383.7,97.2,525.7,115.7
CN-1,name_change,attorney_notary_public_register_of_probate_attorn,text,2,Notary Public/Register of Probate/Attorney at Law,0.9,309.7,171.7,525.7,190.2
CN-1,name_change,petitioner_full_name,text,2,Typed or printed name of officer taking oath,0.9,309.7,221.3,525.7,239.8
DE-101(I),estates,case_number,text,0,DOCKET NO.,0.9,419.9,115.0,540.0,133.4
DE-101(I),estates,petitioner_full_name,text,0,Full legal name of Applicant,0.7,72.0,217.7,472.0,234.6
DE-101(I),estates,petitioner_address_street,text,0,"Address, email address and telephone number of Applicant",0.7,72.0,252.2,472.0,280.6
DE-101(I),estates,pr_signature,signature,0,Name and address of Personal Representative whose appointment is sought (Designate mailing and legal,0.7,72.0,405.9,472.0,451.8
DE-101(I),estates,decedent_address_street,text,0,"addresses, if they are different.)",0.7,90.0,417.3,490.0,451.8
DE-101(I),estates,decedent_full_name,text,0,Full legal name of Decedent,0.7,72.0,622.5,472.0,639.4
DE-101(I),estates,decedent_date_signed,date,0,Date of Decedent’s death,0.7,72.0,657.0,472.0,674.0
DE-101(I),estates,minor_full_name,text,1,"11a. Names and addresses of spouse, registered domestic partner, children and other heirs: 3",0.9,64.0,82.8,183.1,101.3
DE-101(I),estates,minor_full_name_2,text,1,"11a. Names and addresses of spouse, registered domestic partner, children and other heirs: 3",0.9,183.6,82.8,332.8,101.3
DE-101(I),estates,minor_full_name_3,text,1,"11a. Names and addresses of spouse, registered domestic partner, children and other heirs: 3",0.9,333.2,82.8,454.3,101.3
DE-101(I),estates,decedent_relationship,text,1,Relationship to,0.9,454.8,82.8,547.9,101.3
DE-101(I),estates,decedent_full_name_2,text,1,Name,0.9,64.0,106.2,183.1,124.7
DE-101(I),estates,decedent_address_street_2,text,1,Address,0.9,183.6,106.2,332.8,124.7
DE-101(I),estates,decedent_if_under_18_4,text,1,(if Under 18) 4,0.9,333.2,106.2,454.3,124.7
DE-101(I),estates,decedent_decedent,text,1,Decedent,0.9,454.8,106.2,547.9,124.7
DE-101(I),estates,court_full_name,text,1,"Names and addresses of spouse, registered domestic partner,",0.9,64.0,141.2,183.1,159.7
DE-101(I),estates,court_full_name_2,text,1,"Names and addresses of spouse, registered domestic partner,",0.9,183.6,141.2,332.8,159.7
DE-101(I),estates,court_full_name_3,text,1,"Names and addresses of spouse, registered domestic partner,",0.9,333.2,141.2,454.3,159.7
DE-101(I),estates,court_full_name_4,text,1,"Names and addresses of spouse, registered domestic partner,",0.9,454.8,141.2,547.9,159.7
DE-101(I),estates,court_full_name_5,text,1,"Names and addresses of spouse, registered domestic partner,",0.9,64.0,176.3,183.1,194.8
DE-101(I),estates,court_full_name_6,text,1,"Names and addresses of spouse, registered domestic partner,",0.9,183.6,176.3,332.8,194.8
DE-101(I),estates,court_full_name_7,text,1,"Names and addresses of spouse, registered domestic partner,",0.9,333.2,176.3,454.3,194.8
DE-101(I),estates,court_full_name_8,text,1,"Names and addresses of spouse, registered domestic partner,",0.9,454.8,176.3,547.9,194.8
DE-101(I),estates,decedent_field,text,1,,0.7,64.0,211.2,183.1,229.7
DE-101(I),estates,decedent_field_2,text,1,,0.7,183.6,211.2,332.8,229.7
DE-101(I),estates,decedent_field_3,text,1,,0.7,333.2,211.2,454.3,229.7
DE-101(I),estates,decedent_field_4,text,1,,0.7,454.8,211.2,547.9,229.7
DE-101(I),estates,decedent_field_5,text,1,,0.7,64.0,246.2,183.1,264.7
DE-101(I),estates,decedent_field_6,text,1,,0.7,183.6,246.2,332.8,264.7
DE-101(I),estates,decedent_field_7,text,1,,0.7,333.2,246.2,454.3,264.7
DE-101(I),estates,decedent_field_8,text,1,,0.7,454.8,246.2,547.9,264.7
DE-101(I),estates,decedent_field_9,text,1,,0.7,64.0,281.3,183.1,299.8
DE-101(I),estates,decedent_field_10,text,1,,0.7,183.6,281.3,332.8,299.8
DE-101(I),estates,decedent_field_11,text,1,,0.7,333.2,281.3,454.3,299.8
DE-101(I),estates,decedent_field_12,text,1,,0.7,454.8,281.3,547.9,299.8
DE-101(I),estates,decedent_field_13,text,1,,0.7,64.0,316.2,183.1,334.7
DE-101(I),estates,decedent_field_14,text,1,,0.7,183.6,316.2,332.8,334.7
DE-101(I),estates,decedent_field_15,text,1,,0.7,333.2,316.2,454.3,334.7
DE-101(I),estates,decedent_field_16,text,1,,0.7,454.8,316.2,547.9,334.7
DE-101(I),estates,decedent_field_17,text,1,,0.7,64.0,351.2,183.1,369.7
DE-101(I),estates,decedent_field_18,text,1,,0.7,183.6,351.2,332.8,369.7
DE-101(I),estates,decedent_field_19,text,1,,0.7,333.2,351.2,454.3,369.7
DE-101(I),estates,decedent_field_20,text,1,,0.7,454.8,351.2,547.9,369.7
DE-101(I),estates,decedent_field_21,text,1,,0.7,64.0,386.3,183.1,404.8
DE-101(I),estates,decedent_field_22,text,1,,0.7,183.6,386.3,332.8,404.8
DE-101(I),estates,decedent_field_23,text,1,,0.7,333.2,386.3,454.3,404.8
DE-101(I),estates,decedent_field_24,text,1,,0.7,454.8,386.3,547.9,404.8
DE-101(I),estates,court_full_name_9,text,1,"11b. Is there a domestic partner (non-registered)? 5 : YES  NO  If yes, give name and address.",0.9,64.0,421.2,183.1,439.7
DE-101(I),estates,court_full_name_10,text,1,"11b. Is there a domestic partner (non-registered)? 5 : YES  NO  If yes, give name and address.",0.9,183.6,421.2,332.8,439.7
DE-101(I),estates,court_full_name_11,text,1,"11b. Is there a domestic partner (non-registered)? 5 : YES  NO  If yes, give name and address.",0.9,333.2,421.2,454.3,439.7
DE-101(I),estates,court_full_name_12,text,1,"11b. Is there a domestic partner (non-registered)? 5 : YES  NO  If yes, give name and address.",0.9,454.8,421.2,547.9,439.7
DE-101(I),estates,decedent_full_name_3,text,2,Name,0.9,73.6,172.7,282.8,191.2
DE-101(I),estates,decedent_address_street_3,text,2,Address,0.9,283.3,172.7,538.4,191.2
DE-101(I),estates,decedent_full_name_4,text,2,Name,0.9,73.6,184.7,282.8,203.2
DE-101(I),estates,decedent_address_street_4,text,2,Address,0.9,283.3,184.7,538.4,203.2
DE-101(I),estates,decedent_full_name_5,text,2,Name,0.9,73.6,208.1,282.8,226.6
DE-101(I),estates,decedent_address_street_5,text,2,Address,0.9,283.3,208.1,538.4,226.6
DE-101(I),estates,petitioner_has_the_applicant_received_a_demand_for_,text,2,Has the Applicant received a demand for notice or is the,0.9,73.6,231.6,282.8,250.1
DE-101(I),estates,petitioner_has_the_applicant_received_a_demand_for__2,text,2,Has the Applicant received a demand for notice or is the,0.9,283.3,231.6,538.4,250.1
DE-101(I),estates,petitioner_has_the_applicant_received_a_demand_for__3,text,2,Has the Applicant received a demand for notice or is the,0.9,73.6,255.1,282.8,273.6
DE-101(I),estates,petitioner_has_the_applicant_received_a_demand_for__4,text,2,Has the Applicant received a demand for notice or is the,0.9,283.3,255.1,538.4,273.6
DE-101(I),estates,petitioner_17_the_applicant_is_required_to_provide_,text,2,"17. The Applicant is required to provide notice of this application to any person listed in item 16 above, and if the",0.9,73.6,278.6,282.8,297.1
DE-101(I),estates,petitioner_17_the_applicant_is_required_to_provide__2,text,2,"17. The Applicant is required to provide notice of this application to any person listed in item 16 above, and if the",0.9,283.3,278.6,538.4,297.1
DE-101(I),estates,petitioner_signature,signature,2,"Under penalty of perjury, I, the undersigned Applicant, state as follows",0.7,72.0,586.8,472.0,604.3
DE-101(I),estates,decedent_full_name_6,text,3,Name,0.9,72.0,99.1,264.6,117.6
DE-101(I),estates,decedent_address_street_6,text,3,Address,0.9,72.0,128.2,264.6,146.6
DE-101(I),estates,decedent_address_street_7,text,3,Address,0.9,72.0,157.2,264.6,175.7
DE-101(I),estates,decedent_phone,text,3,Phone Number,0.9,72.0,185.2,264.6,203.6
DE-101(I),estates,decedent_maine_bar_number,text,3,Maine Bar Number,0.9,72.0,213.1,264.6,231.6
DE-101(I),estates,decedent_address_street_8,text,3,Email Address,0.9,72.0,241.6,264.6,260.0
DE-101(I),estates,decedent_fees_due_upon_filing,text,3,Fees due upon filing:,0.9,72.0,282.6,154.0,301.1
DE-101(I),estates,decedent_1_18_c_m_r_s_1_201_26,text,3,1 18-C M.R.S. § 1-201(26).,0.9,72.0,338.3,216.0,356.9
DE-104,estates,case_number,text,0,DOCKET NO.,0.9,422.5,115.0,540.0,133.4
DE-104,estates,gal_full_name,text,0,Full legal name,0.9,136.3,339.0,475.7,357.5
DE-104,estates,decedent_address_street,text,0,Address,0.9,136.3,374.9,475.7,393.4
DE-104,estates,decedent_address_street_2,text,0,Address (cont.),0.9,136.3,410.9,475.7,429.4
DE-201(I),estates,court_county,text,0,County Probate Court,0.9,72.0,104.4,216.0,122.9
DE-201(I),estates,case_number,text,0,Docket No.,0.9,408.7,104.4,540.0,122.9
DE-201(I),estates,estate_address_state,text,0,Estate of,0.9,113.2,139.9,307.0,158.4
DE-201(I),estates,petitioner_full_name,text,0,Full legal name of Applicant,0.7,72.0,208.8,472.0,225.7
DE-201(I),estates,petitioner_address_street,text,0,"Address, email address and telephone number of Applicant",0.7,72.0,243.3,472.0,280.1
DE-201(I),estates,decedent_full_name,text,0,Full legal name of Decedent,0.7,72.0,398.1,472.0,415.6
DE-201(I),estates,decedent_date_signed,date,0,Date of Decedent’s death,0.7,72.0,433.2,472.0,450.2
DE-201(I),estates,decedent_middle_name,date,0,Domicile (i.e. town/city of permanent residence) of Decedent at date of death,0.7,72.0,500.7,472.0,519.1
DE-201(I),estates,decedent_as_necessary_2,text,0,as necessary): 2,0.9,69.7,539.0,186.1,557.5
DE-201(I),estates,decedent_address_street,text,0,Address,0.9,186.6,539.0,338.2,557.5
DE-201(I),estates,decedent_dob,date,0,Date of Birth,0.9,338.6,539.0,445.0,557.5
DE-201(I),estates,decedent_relationship,text,0,Relationship to,0.9,445.4,539.0,542.3,557.5
DE-201(I),estates,decedent_full_name_2,text,0,Name,0.9,69.7,567.5,186.1,586.0
DE-201(I),estates,decedent_address_street_2,text,0,Address,0.9,186.6,567.5,338.2,586.0
DE-201(I),estates,decedent_if_under_18_3,text,0,(if Under 18) 3,0.9,338.6,567.5,445.0,586.0
DE-201(I),estates,decedent_decedent,text,0,Decedent,0.9,445.4,567.5,542.3,586.0
DE-201(I),estates,decedent_as_necessary_2_2,text,0,as necessary): 2,0.9,69.7,602.4,186.1,620.9
DE-201(I),estates,decedent_as_necessary_2_3,text,0,as necessary): 2,0.9,186.6,602.4,338.2,620.9
DE-201(I),estates,decedent_as_necessary_2_4,text,0,as necessary): 2,0.9,338.6,602.4,445.0,620.9
DE-201(I),estates,decedent_as_necessary_2_5,text,0,as necessary): 2,0.9,445.4,602.4,542.3,620.9
DE-201(I),estates,decedent_as_necessary_2_6,text,0,as necessary): 2,0.9,69.7,637.4,186.1,655.9
DE-201(I),estates,decedent_as_necessary_2_7,text,0,as necessary): 2,0.9,186.6,637.4,338.2,655.9
DE-201(I),estates,decedent_as_necessary_2_8,text,0,as necessary): 2,0.9,338.6,637.4,445.0,655.9
DE-201(I),estates,decedent_as_necessary_2_9,text,0,as necessary): 2,0.9,445.4,637.4,542.3,655.9
DE-201(I),estates,decedent_field,text,0,,0.7,69.7,672.5,186.1,691.0
DE-201(I),estates,decedent_field_2,text,0,,0.7,186.6,672.5,338.2,691.0
DE-201(I),estates,decedent_field_3,text,0,,0.7,338.6,672.5,445.0,691.0
DE-201(I),estates,decedent_field_4,text,0,,0.7,445.4,672.5,542.3,691.0
DE-201(I),estates,decedent_8_a_continued,text,1,8(a).  Continued.,0.9,69.7,77.3,186.1,95.8
DE-201(I),estates,decedent_address_street_3,text,1,Address,0.9,186.6,77.3,338.2,95.8
DE-201(I),estates,decedent_dob_2,date,1,Date of Birth,0.9,338.6,77.3,445.0,95.8
DE-201(I),estates,decedent_relationship_2,text,1,Relationship to,0.9,445.4,77.3,542.3,95.8
DE-201(I),estates,decedent_full_name_3,text,1,Name,0.9,69.7,105.6,186.1,124.1
DE-201(I),estates,decedent_address_street_4,text,1,Address,0.9,186.6,105.6,338.2,124.1
DE-201(I),estates,decedent_if_under_18_3_2,text,1,(if Under 18) 3,0.9,338.6,105.6,445.0,124.1
DE-201(I),estates,decedent_decedent_2,text,1,Decedent,0.9,445.4,105.6,542.3,124.1
DE-201(I),estates,decedent_field_5,text,1,,0.7,69.7,140.6,186.1,159.1
DE-201(I),estates,decedent_field_6,text,1,,0.7,186.6,140.6,338.2,159.1
DE-201(I),estates,decedent_field_7,text,1,,0.7,338.6,140.6,445.0,159.1
DE-201(I),estates,decedent_field_8,text,1,,0.7,445.4,140.6,542.3,159.1
DE-201(I),estates,decedent_field_9,text,1,,0.7,69.7,175.6,186.1,194.0
DE-201(I),estates,decedent_field_10,text,1,,0.7,186.6,175.6,338.2,194.0
DE-201(I),estates,decedent_field_11,text,1,,0.7,338.6,175.6,445.0,194.0
DE-201(I),estates,decedent_field_12,text,1,,0.7,445.4,175.6,542.3,194.0
DE-201(I),estates,decedent_field_13,text,1,,0.7,69.7,210.6,186.1,229.1
DE-201(I),estates,decedent_field_14,text,1,,0.7,186.6,210.6,338.2,229.1
DE-201(I),estates,decedent_field_15,text,1,,0.7,338.6,210.6,445.0,229.1
DE-201(I),estates,decedent_field_16,text,1,,0.7,445.4,210.6,542.3,229.1
DE-201(I),estates,decedent_field_17,text,1,,0.7,69.7,245.6,186.1,264.1
DE-201(I),estates,decedent_field_18,text,1,,0.7,186.6,245.6,338.2,264.1
DE-201(I),estates,decedent_field_19,text,1,,0.7,338.6,245.6,445.0,264.1
DE-201(I),estates,decedent_field_20,text,1,,0.7,445.4,245.6,542.3,264.1
DE-201(I),estates,decedent_field_21,text,1,,0.7,69.7,280.6,186.1,299.0
DE-201(I),estates,decedent_field_22,text,1,,0.7,186.6,280.6,338.2,299.0
DE-201(I),estates,decedent_field_23,text,1,,0.7,338.6,280.6,445.0,299.0
DE-201(I),estates,decedent_field_24,text,1,,0.7,445.4,280.6,542.3,299.0
DE-201(I),estates,court_full_name,text,1,"8(b).  Is there a domestic partner (non-registered): 4 YES  NO  If yes, provide name and address below:",0.9,69.7,315.6,186.1,334.1
DE-201(I),estates,court_full_name_2,text,1,"8(b).  Is there a domestic partner (non-registered): 4 YES  NO  If yes, provide name and address below:",0.9,186.6,315.6,338.2,334.1
DE-201(I),estates,court_full_name_3,text,1,"8(b).  Is there a domestic partner (non-registered): 4 YES  NO  If yes, provide name and address below:",0.9,338.6,315.6,445.0,334.1
DE-201(I),estates,court_full_name_4,text,1,"8(b).  Is there a domestic partner (non-registered): 4 YES  NO  If yes, provide name and address below:",0.9,445.4,315.6,542.3,334.1
DE-201(I),estates,court_full_name_5,text,1,"8(b).  Is there a domestic partner (non-registered): 4 YES  NO  If yes, provide name and address below",0.7,72.0,360.6,472.0,393.1
DE-201(I),estates,decedent_full_name_4,text,1,Name,0.9,69.7,402.4,305.8,420.8
DE-201(I),estates,decedent_address_street_5,text,1,Address,0.9,306.2,402.4,542.3,420.8
DE-201(I),estates,decedent_full_name_5,text,1,Name,0.9,69.7,414.4,305.8,432.8
DE-201(I),estates,decedent_address_street_6,text,1,Address,0.9,306.2,414.4,542.3,432.8
DE-201(I),estates,decedent_full_name_6,text,1,Names and addresses of devisees (attach additional,0.9,69.7,449.3,305.8,467.8
DE-201(I),estates,decedent_full_name_7,text,1,Names and addresses of devisees (attach additional,0.9,306.2,449.3,542.3,467.8
DE-201(I),estates,decedent_full_name_8,text,1,Names and addresses of devisees (attach additional,0.9,69.7,484.3,305.8,502.8
DE-201(I),estates,decedent_full_name_9,text,1,Names and addresses of devisees (attach additional,0.9,306.2,484.3,542.3,502.8
DE-201(I),estates,decedent_field_25,text,1,,0.7,69.7,519.4,305.8,537.8
DE-201(I),estates,decedent_field_26,text,1,,0.7,306.2,519.4,542.3,537.8
DE-201(I),estates,decedent_field_27,text,1,,0.7,69.7,554.3,305.8,572.8
DE-201(I),estates,decedent_field_28,text,1,,0.7,306.2,554.3,542.3,572.8
DE-201(I),estates,decedent_field_29,text,1,,0.7,69.7,589.3,305.8,607.8
DE-201(I),estates,decedent_field_30,text,1,,0.7,306.2,589.3,542.3,607.8
DE-201(I),estates,estate_address_state_2,text,1,"10(a).  Does the probate estate contain real estate located in Maine? YES  NO  If yes, list each municipality and",0.9,69.7,624.4,305.8,642.8
DE-201(I),estates,estate_address_state_3,text,1,"10(a).  Does the probate estate contain real estate located in Maine? YES  NO  If yes, list each municipality and",0.9,306.2,624.4,542.3,642.8
DE-201(I),estates,decedent_full_name_10,text,2,Name,0.9,79.1,323.4,283.4,341.9
DE-201(I),estates,decedent_address_street_7,text,2,Address,0.9,283.9,323.4,532.9,341.9
DE-201(I),estates,decedent_full_name_11,text,2,Name,0.9,79.1,335.4,283.4,353.9
DE-201(I),estates,decedent_address_street_8,text,2,Address,0.9,283.9,335.4,532.9,353.9
DE-201(I),estates,decedent_full_name_12,text,2,Name,0.9,79.1,358.9,283.4,377.4
DE-201(I),estates,decedent_address_street_9,text,2,Address,0.9,283.9,358.9,532.9,377.4
DE-201(I),estates,petitioner_has_the_applicant_received_a_demand_for_,text,2,Has the Applicant received a Demand for Notice or is the,0.9,79.1,382.4,283.4,400.9
DE-201(I),estates,petitioner_has_the_applicant_received_a_demand_for__2,text,2,Has the Applicant received a Demand for Notice or is the,0.9,283.9,382.4,532.9,400.9
DE-201(I),estates,decedent_field_31,text,2,,0.7,79.1,406.0,283.4,424.4
DE-201(I),estates,decedent_field_32,text,2,,0.7,283.9,406.0,532.9,424.4
DE-201(I),estates,petitioner_15_the_applicant_is_required_to_provide_,text,2,"15. The Applicant is required to provide notice of this application to any person listed in item 14 above, and if the",0.9,79.1,429.5,283.4,448.0
DE-201(I),estates,petitioner_15_the_applicant_is_required_to_provide__2,text,2,"15. The Applicant is required to provide notice of this application to any person listed in item 14 above, and if the",0.9,283.9,429.5,532.9,448.0
DE-201(I),estates,decedent_last_name,date,2,17. The Decedent’s Original Last Will and Testament dated,0.9,316.6,604.3,424.2,622.8
DE-201(I),estates,decedent_are_filed_herewith_and_to_the_best_of_my,text,2,"are filed herewith and to the best of my knowledge, I believe the Will",0.9,90.0,615.7,248.6,634.2
DE-201(I),estates,decedent_check_one,text,3,Check one,0.7,72.0,239.3,472.0,256.4
DE-201(I),estates,court_request_for_action_by_register_check_a_a,text,3,REQUEST FOR ACTION BY REGISTER (Check (a) and/or (b)),0.7,72.0,332.4,472.0,349.7
DE-201(I),estates,decedent_date_signed_2,date,3,Dated:,0.9,101.2,438.5,288.0,457.0
DE-201(I),estates,petitioner_applicant,text,3,Applicant,0.9,360.0,438.5,540.0,457.0
DE-201(I),estates,decedent_full_name_13,text,3,Name,0.9,72.0,488.5,264.6,507.0
DE-201(I),estates,decedent_address_street_10,text,3,Address,0.9,72.0,517.6,264.6,536.0
DE-201(I),estates,decedent_address_street_11,text,3,Address,0.9,72.0,546.5,264.6,565.0
DE-201(I),estates,decedent_phone,text,3,Phone Number,0.9,72.0,574.6,264.6,593.0
DE-201(I),estates,decedent_maine_bar_number,text,3,Maine Bar Number,0.9,72.0,602.5,264.6,621.0
DE-201(I),estates,decedent_address_street_12,text,3,Email Address,0.9,72.0,631.0,264.6,649.4
DE-201(I),estates,decedent_amount,currency,4,Filing Fee $,0.9,120.4,87.4,187.8,105.8
DE-201(I),estates,decedent_amount_2,currency,4,Mailing Notices $,0.9,288.2,87.4,363.2,105.8
DE-201(I),estates,decedent_amount_3,currency,4,Publication $,0.9,449.2,87.4,516.6,105.8
DE-201(I),estates,decedent_amount_4,currency,4,Surcharge $10.00,0.9,120.1,110.4,187.6,128.9
DE-201(I),estates,decedent_amount_5,currency,4,Abstracts $,0.9,261.2,110.4,338.8,128.9
DE-201(I),estates,decedent_amount_6,currency,4,Other $,0.9,426.2,110.4,493.0,128.9
DE-201(I),estates,decedent_1_18_c_m_r_s_1_201_26,text,4,1 18-C M.R.S. § 1-201(26).,0.9,78.2,131.9,222.2,149.9
DE-201,estates,court_county,text,0,COUNTY PROBATE COURT,0.9,72.0,107.4,180.0,125.9
DE-201,estates,case_number,text,0,DOCKET NO.,0.9,417.5,107.4,522.0,125.9
DE-201,estates,estate_address_state,text,0,Estate of,0.9,108.5,141.7,297.0,160.2
DE-201,estates,petitioner_full_name,text,0,Full legal name of Petitioner,0.7,90.0,261.1,490.0,283.1
DE-201,estates,decedent_full_name,text,0,Full legal name of Decedent,0.7,90.0,440.9,490.0,458.2
DE-201,estates,decedent_date_signed,date,0,Date of Decedent’s death,0.7,90.0,475.6,490.0,492.6
DE-201,estates,decedent_dob,date,0,Date of Decedent’s birth (or approximate age if date of birth is unknown),0.7,90.0,510.0,490.0,527.2
DE-201,estates,decedent_middle_name,date,0,Domicile of Decedent at date of death (i.e. address of permanent residence),0.7,90.0,544.6,490.0,562.4
DE-201,estates,decedent_full_name_2,text,0,Name,0.9,73.1,581.9,183.7,600.4
DE-201,estates,decedent_address_street,text,0,Address,0.9,184.2,581.9,294.7,600.4
DE-201,estates,decedent_dob_2,date,0,Date of Birth,0.9,295.2,581.9,411.0,600.4
DE-201,estates,decedent_relationship,text,0,Relationship to,0.9,411.5,581.9,522.0,600.4
DE-201,estates,decedent_full_name_3,text,0,Name,0.9,73.1,605.4,183.7,623.9
DE-201,estates,decedent_address_street_2,text,0,Address,0.9,184.2,605.4,294.7,623.9
DE-201,estates,decedent_if_under_18_3,text,0,(if Under 18) 3,0.9,295.2,605.4,411.0,623.9
DE-201,estates,decedent_decedent,text,0,Decedent,0.9,411.5,605.4,522.0,623.9
DE-201,estates,decedent_if_necessary_2,text,0,if necessary): 2,0.9,73.1,645.4,183.7,663.8
DE-201,estates,decedent_if_necessary_2_2,text,0,if necessary): 2,0.9,184.2,645.4,294.7,663.8
DE-201,estates,decedent_if_necessary_2_3,text,0,if necessary): 2,0.9,295.2,645.4,411.0,663.8
DE-201,estates,decedent_if_necessary_2_4,text,0,if necessary): 2,0.9,411.5,645.4,522.0,663.8
DE-201,estates,decedent_if_necessary_2_5,text,0,if necessary): 2,0.9,73.1,684.4,183.7,702.8
DE-201,estates,decedent_if_necessary_2_6,text,0,if necessary): 2,0.9,184.2,684.4,294.7,702.8
DE-201,estates,decedent_if_necessary_2_7,text,0,if necessary): 2,0.9,295.2,684.4,411.0,702.8
DE-201,estates,decedent_if_necessary_2_8,text,0,if necessary): 2,0.9,411.5,684.4,522.0,702.8
DE-201,estates,decedent_field,text,0,,0.7,73.1,724.3,183.7,742.8
DE-201,estates,decedent_field_2,text,0,,0.7,184.2,724.3,294.7,742.8
DE-201,estates,decedent_field_3,text,0,,0.7,295.2,724.3,411.0,742.8
DE-201,estates,decedent_field_4,text,0,,0.7,411.5,724.3,522.0,742.8
DE-201,estates,decedent_full_name_4,text,1,Name,0.9,73.1,80.0,183.7,98.5
DE-201,estates,decedent_address_street_3,text,1,Address,0.9,184.2,80.0,294.7,98.5
DE-201,estates,decedent_dob_3,date,1,Date of Birth,0.9,295.2,80.0,411.0,98.5
DE-201,estates,decedent_relationship_2,text,1,Relationship to,0.9,411.5,80.0,522.0,98.5
DE-201,estates,decedent_full_name_5,text,1,Name,0.9,73.1,103.6,183.7,122.0
DE-201,estates,decedent_address_street_4,text,1,Address,0.9,184.2,103.6,294.7,122.0
DE-201,estates,decedent_if_under_18_3_2,text,1,(if Under 18) 3,0.9,295.2,103.6,411.0,122.0
DE-201,estates,decedent_decedent_2,text,1,Decedent,0.9,411.5,103.6,522.0,122.0
DE-201,estates,decedent_continued,text,1,Continued:,0.9,73.1,143.5,183.7,162.0
DE-201,estates,decedent_continued_2,text,1,Continued:,0.9,184.2,143.5,294.7,162.0
DE-201,estates,decedent_continued_3,text,1,Continued:,0.9,295.2,143.5,411.0,162.0
DE-201,estates,decedent_continued_4,text,1,Continued:,0.9,411.5,143.5,522.0,162.0
DE-201,estates,decedent_continued_5,text,1,Continued:,0.9,73.1,182.5,183.7,201.0
DE-201,estates,decedent_continued_6,text,1,Continued:,0.9,184.2,182.5,294.7,201.0
DE-201,estates,decedent_continued_7,text,1,Continued:,0.9,295.2,182.5,411.0,201.0
DE-201,estates,decedent_continued_8,text,1,Continued:,0.9,411.5,182.5,522.0,201.0
DE-201,estates,decedent_field_5,text,1,,0.7,73.1,222.5,183.7,241.0
DE-201,estates,decedent_field_6,text,1,,0.7,184.2,222.5,294.7,241.0
DE-201,estates,decedent_field_7,text,1,,0.7,295.2,222.5,411.0,241.0
DE-201,estates,decedent_field_8,text,1,,0.7,411.5,222.5,522.0,241.0
DE-201,estates,court_full_name,text,1,"8b. Is there a domestic partner (non-registered): 3 YES  NO  If yes, provide name and address below:",0.9,73.1,262.3,183.7,280.8
DE-201,estates,court_full_name_2,text,1,"8b. Is there a domestic partner (non-registered): 3 YES  NO  If yes, provide name and address below:",0.9,184.2,262.3,294.7,280.8
DE-201,estates,court_full_name_3,text,1,"8b. Is there a domestic partner (non-registered): 3 YES  NO  If yes, provide name and address below:",0.9,295.2,262.3,411.0,280.8
DE-201,estates,court_full_name_4,text,1,"8b. Is there a domestic partner (non-registered): 3 YES  NO  If yes, provide name and address below:",0.9,411.5,262.3,522.0,280.8
DE-201,estates,court_full_name_5,text,1,"Is there a domestic partner (non-registered): 3 YES  NO  If yes, provide name and address below",0.7,72.0,306.1,472.0,323.3
DE-201,estates,decedent_full_name_6,text,1,Name,0.9,72.5,331.3,297.4,349.8
DE-201,estates,decedent_address_street_5,text,1,Address,0.9,297.8,331.3,522.5,349.8
DE-201,estates,decedent_full_name_7,text,1,Name,0.9,72.5,344.8,297.4,363.2
DE-201,estates,decedent_address_street_6,text,1,Address,0.9,297.8,344.8,522.5,363.2
DE-201,estates,decedent_full_name_8,text,1,Names and addresses of devisees ( attach additional,0.9,72.5,385.6,297.4,404.0
DE-201,estates,decedent_full_name_9,text,1,Names and addresses of devisees ( attach additional,0.9,297.8,385.6,522.5,404.0
DE-201,estates,decedent_full_name_10,text,1,Names and addresses of devisees ( attach additional,0.9,72.5,425.3,297.4,443.8
DE-201,estates,decedent_full_name_11,text,1,Names and addresses of devisees ( attach additional,0.9,297.8,425.3,522.5,443.8
DE-201,estates,decedent_field_9,text,1,,0.7,72.5,466.0,297.4,484.4
DE-201,estates,decedent_field_10,text,1,,0.7,297.8,466.0,522.5,484.4
DE-201,estates,decedent_field_11,text,1,,0.7,72.5,506.8,297.4,525.2
DE-201,estates,decedent_field_12,text,1,,0.7,297.8,506.8,522.5,525.2
DE-201,estates,decedent_field_13,text,1,,0.7,72.5,546.5,297.4,565.0
DE-201,estates,decedent_field_14,text,1,,0.7,297.8,546.5,522.5,565.0
DE-201,estates,decedent_field_15,text,1,,0.7,72.5,587.2,297.4,605.6
DE-201,estates,decedent_field_16,text,1,,0.7,297.8,587.2,522.5,605.6
DE-201,estates,estate_address_state_2,text,1,"10a.  Does the probate estate contain real estate located in Maine? YES  NO  If yes, list each municipality",0.9,72.5,628.0,297.4,646.4
DE-201,estates,estate_address_state_3,text,1,"10a.  Does the probate estate contain real estate located in Maine? YES  NO  If yes, list each municipality",0.9,297.8,628.0,522.5,646.4
DE-201,estates,decedent_address_state,date,2,"Did Decedent die more than three years before the date of this Petition?  YES  NO  If yes, state below",0.7,72.0,274.8,472.0,314.8
DE-201,estates,decedent_full_name_12,text,2,"elsewhere? 6 YES  NO  If yes, include name and address of person demanding notice below.",0.7,90.0,355.1,490.0,395.2
DE-201,estates,decedent_full_name_13,text,2,Name,0.9,85.3,483.7,287.2,502.2
DE-201,estates,decedent_address_street_7,text,2,Address,0.9,287.6,483.7,509.6,502.2
DE-201,estates,decedent_full_name_14,text,2,Name,0.9,85.3,495.7,287.2,514.2
DE-201,estates,decedent_address_street_8,text,2,Address,0.9,287.6,495.7,509.6,514.2
DE-201,estates,decedent_full_name_15,text,2,Name,0.9,85.3,519.2,287.2,537.7
DE-201,estates,decedent_address_street_9,text,2,Address,0.9,287.6,519.2,509.6,537.7
DE-201,estates,decedent_of_health_and_human_services_and_to_the_,text,2,of Health and Human Services and to the following other,0.9,85.3,542.8,287.2,561.2
DE-201,estates,decedent_of_health_and_human_services_and_to_the__2,text,2,of Health and Human Services and to the following other,0.9,287.6,542.8,509.6,561.2
DE-201,estates,decedent_of_health_and_human_services_and_to_the__3,text,2,of Health and Human Services and to the following other,0.9,85.3,566.2,287.2,584.6
DE-201,estates,decedent_of_health_and_human_services_and_to_the__4,text,2,of Health and Human Services and to the following other,0.9,287.6,566.2,509.6,584.6
DE-201,estates,court_i_will_furnish_proof_of_notice_to_the_co,text,2,I will furnish proof of notice to the Court by affidavit.,0.9,85.3,589.7,287.2,608.2
DE-201,estates,court_i_will_furnish_proof_of_notice_to_the_co_2,text,2,I will furnish proof of notice to the Court by affidavit.,0.9,287.6,589.7,509.6,608.2
DE-201,estates,decedent_last_name,date,2,20. The Decedent’s Last Will and Testament dated,0.9,283.9,700.1,426.7,718.6
DE-201,estates,pr_signature,signature,3,Name and address of Personal Representative whose appointment is sought.  (Designate mailing and legal,0.7,72.0,90.8,472.0,129.6
DE-201,estates,decedent_check_all_that_apply,text,3,Check all that apply,0.7,72.0,263.5,472.0,280.2
DE-201,estates,decedent_request_for_order_or_orders,text,3,REQUEST FOR ORDER OR ORDERS,0.7,72.0,387.8,472.0,405.2
DE-201,estates,decedent_date_signed_2,date,3,Dated:,0.9,100.3,487.8,231.0,506.3
DE-201,estates,petitioner_petitioner_or_attorney_16,text,3,Petitioner or Attorney 16,0.9,288.0,487.8,513.0,506.3
DE-201,estates,decedent_full_name_16,text,3,Name,0.9,72.0,535.6,229.2,554.0
DE-201,estates,decedent_address_street_10,text,3,Address,0.9,72.0,564.6,229.2,583.1
DE-201,estates,decedent_address_street_11,text,3,Address,0.9,72.0,593.6,229.2,612.1
DE-201,estates,decedent_phone,text,3,Phone Number,0.9,72.0,621.6,229.2,640.1
DE-201,estates,decedent_maine_bar_number,text,3,Maine Bar Number,0.9,72.0,649.6,229.2,668.0
DE-201,estates,decedent_address_street_12,text,3,Email Address,0.9,72.0,678.0,229.2,696.5
DE-201,estates,decedent_amount,currency,4,Filing Fee $,0.9,118.6,91.8,175.6,110.3
DE-201,estates,decedent_amount_2,currency,4,Mailing Notices $,0.9,273.7,91.8,350.4,110.3
DE-201,estates,decedent_amount_3,currency,4,Publication $,0.9,444.4,91.8,521.2,110.3
DE-201,estates,decedent_amount_4,currency,4,Surcharge $ 10.00,0.9,120.6,125.8,171.0,144.2
DE-201,estates,decedent_amount_5,currency,4,Abstracts $,0.9,287.5,125.8,354.0,144.2
DE-201,estates,decedent_amount_6,currency,4,Other $,0.9,421.0,125.8,522.0,144.2
DE-201,estates,decedent_1_18_c_m_r_s_see_1_201_26,text,4,1 18-C M.R.S. See § 1-201(26),0.9,63.1,146.1,203.3,164.1
DE-301(I),estates,case_number,text,0,DOCKET NO.,0.9,422.5,115.0,540.0,133.4
DE-301(I),estates,petitioner_full_name,text,0,Full legal name of Applicant,0.7,72.0,229.2,472.0,246.1
DE-301(I),estates,petitioner_address_street,text,0,"Address, email address and telephone number of Applicant",0.7,72.0,263.6,472.0,303.6
DE-301(I),estates,decedent_full_name,text,0,Full legal name of Decedent,0.7,72.0,429.1,472.0,446.1
DE-301(I),estates,decedent_date_signed,date,0,Date of Decedent’s death,0.7,72.0,463.5,472.0,480.7
DE-301(I),estates,decedent_middle_name,date,0,Domicile of Decedent at date of death (i.e. address of permanent residence),0.7,72.0,498.1,472.0,538.1
DE-301(I),estates,court_county,date,0,"Was Decedent domiciled in this county at date of death?  YES  NO  If not, venue is based on the following. 3",0.7,72.0,555.6,472.0,595.6
DE-301(I),estates,decedent_date_signed_2,date,1,Dated:,0.9,107.8,253.0,231.0,271.4
DE-301(I),estates,petitioner_applicant,text,1,Applicant,0.9,302.3,253.0,513.0,271.4
DE-301(I),estates,decedent_full_name_2,text,1,Name,0.9,72.0,323.9,229.2,342.4
DE-301(I),estates,decedent_address_street,text,1,Address,0.9,72.0,352.9,229.2,371.4
DE-301(I),estates,decedent_address_street_2,text,1,Address,0.9,72.0,381.8,229.2,400.3
DE-301(I),estates,decedent_phone,text,1,Phone Number,0.9,72.0,409.9,229.2,428.4
DE-301(I),estates,decedent_maine_bar_number,text,1,Maine Bar Number,0.9,72.0,437.9,229.2,456.4
DE-301(I),estates,decedent_address_street_3,text,1,Email Address,0.9,72.0,466.3,229.2,484.8
DE-301(I),estates,decedent_address_street_4,text,1,Email Address,0.7,72.0,496.7,472.0,514.2
DE-301(I),estates,decedent_date,date,1,"Before me, this day, personally appeared",0.9,274.1,509.6,468.0,528.1
DE-301(I),estates,decedent_date_signed_3,date,1,Dated:,0.9,101.2,578.6,288.0,597.1
DE-301(I),estates,attorney_notary_public_register_of_probate_attorn,text,1,Notary Public/Register of Probate/Attorney at Law,0.9,324.0,578.6,540.0,597.1
DE-301(I),estates,decedent_full_name_3,text,1,Type or Print Name of Officer Taking Oath,0.9,324.0,613.1,540.0,631.6
DE-301(I),estates,decedent_date_signed_4,date,2,Dated,0.9,98.4,144.1,288.0,162.6
DE-301(I),estates,pr_middle_name,text,2,Special Administrator,0.9,360.0,144.1,540.0,162.6
DE-301(I),estates,decedent_i_hereby_appoint,text,2,I hereby appoint,0.9,174.7,220.2,401.6,238.7
DE-301(I),estates,estate_address_state,text,2,Estate of,0.9,107.3,231.6,404.2,250.1
DE-301(I),estates,decedent_date_signed_5,date,2,Dated:,0.9,101.2,289.4,288.0,307.9
DE-301(I),estates,court_register_of_probate,text,2,Register of Probate,0.9,360.0,289.4,540.0,307.9
DE-301(I),estates,decedent_1_18_c_m_r_s_3_614_1_et_seq,text,2,1 18-C M.R.S. § 3-614(1) et seq.,0.9,72.0,322.4,216.0,340.4
DE-301,estates,case_number,text,0,DOCKET NO.,0.9,422.5,115.0,540.0,133.4
DE-301,estates,petitioner_full_name,text,0,Full legal name of Petitioner,0.7,72.0,229.2,472.0,246.1
DE-301,estates,petitioner_address_street,text,0,"Address, email address and telephone number of Petitioner",0.7,72.0,263.6,472.0,280.6
DE-301,estates,decedent_full_name,text,0,Full legal name of Decedent,0.7,72.0,401.5,472.0,418.6
DE-301,estates,decedent_date_signed,date,0,Date of Decedent’s death,0.7,72.0,436.0,472.0,453.1
DE-301,estates,decedent_middle_name,date,0,Domicile of Decedent at date of death (i.e. address of permanent residence),0.7,72.0,470.5,472.0,487.6
DE-301,estates,court_county,date,0,"Was Decedent domiciled in this county at date of death?  YES  NO  If not, venue is based on the following. 3",0.7,72.0,505.0,472.0,545.1
DE-301,estates,decedent_full_name_2,text,1,Name,0.9,66.8,208.1,305.9,226.6
DE-301,estates,decedent_address_street,text,1,Address,0.9,306.4,208.1,545.2,226.6
DE-301,estates,decedent_full_name_3,text,1,Name,0.9,66.8,221.6,305.9,240.1
DE-301,estates,decedent_address_street_2,text,1,Address,0.9,306.4,221.6,545.2,240.1
DE-301,estates,decedent_full_name_4,text,1,Name,0.9,66.8,245.2,305.9,263.6
DE-301,estates,decedent_address_street_3,text,1,Address,0.9,306.4,245.2,545.2,263.6
DE-301,estates,decedent_pages_if_necessary,text,1,pages if necessary):,0.9,66.8,268.7,305.9,287.2
DE-301,estates,decedent_pages_if_necessary_2,text,1,pages if necessary):,0.9,306.4,268.7,545.2,287.2
DE-301,estates,decedent_pages_if_necessary_3,text,1,pages if necessary):,0.9,66.8,292.1,305.9,310.6
DE-301,estates,decedent_pages_if_necessary_4,text,1,pages if necessary):,0.9,306.4,292.1,545.2,310.6
DE-301,estates,petitioner_middle_name,text,1,13.  Petitioner requests that the person named in item 8 be formally appointed Special Administrator of this estate.,0.9,66.8,315.6,305.9,334.1
DE-301,estates,petitioner_middle_name_2,text,1,13.  Petitioner requests that the person named in item 8 be formally appointed Special Administrator of this estate.,0.9,306.4,315.6,545.2,334.1
DE-301,estates,decedent_date_signed_2,date,1,Dated:,0.9,101.8,372.6,231.0,391.1
DE-301,estates,petitioner_petitioner_or_attorney_4,text,1,Petitioner or Attorney 4,0.9,302.3,372.6,513.0,391.1
DE-301,estates,decedent_full_name_5,text,1,Name,0.9,72.0,431.9,229.2,450.4
DE-301,estates,decedent_address_street_4,text,1,Address,0.9,72.0,460.9,229.2,479.4
DE-301,estates,decedent_address_street_5,text,1,Address,0.9,72.0,490.0,229.2,508.4
DE-301,estates,decedent_phone,text,1,Phone Number,0.9,72.0,517.9,229.2,536.4
DE-301,estates,decedent_maine_bar_number,text,1,Maine Bar Number,0.9,72.0,545.9,229.2,564.4
DE-301,estates,decedent_address_street_6,text,1,Email Address,0.9,72.0,574.3,229.2,592.8
DE-301,estates,decedent_date_signed_3,date,2,Dated:,0.9,101.2,141.8,288.0,160.3
DE-301,estates,pr_middle_name,text,2,Special Administrator,0.9,360.0,141.8,535.6,160.3
DE-301,estates,pr_middle_name_2,text,2,Special Administrator,0.9,173.9,243.2,438.1,261.7
DE-301,estates,decedent_middle_name_2,text,2,unless otherwise limited as follows:,0.9,75.7,320.6,536.3,339.1
DE-301,estates,decedent_middle_name_3,text,2,unless otherwise limited as follows:,0.9,75.7,334.1,536.3,352.6
DE-301,estates,decedent_middle_name_4,text,2,unless otherwise limited as follows:,0.9,75.7,347.6,536.3,366.1
DE-301,estates,decedent_middle_name_5,text,2,unless otherwise limited as follows:,0.9,75.7,361.1,536.3,379.6
DE-301,estates,decedent_middle_name_6,text,2,unless otherwise limited as follows:,0.9,75.7,374.6,536.3,393.1
DE-301,estates,court_pursuant_to_m_r_prob_p_79_a_and_at_the_s,text,2,"Pursuant to M.R.Prob.P. 79(a), and at the specific direction of the Court, the Register shall enter on the",0.9,75.7,388.2,536.3,406.7
DE-301,estates,decedent_date_signed_4,date,2,Dated:,0.9,101.2,457.1,288.0,475.6
DE-301,estates,court_judge_of_probate,text,2,Judge of Probate,0.9,360.0,457.1,535.6,475.6
DE-301,estates,decedent_certified_a_true_copy_on,text,2,Certified a true copy on:,0.9,169.6,514.6,288.0,533.0
DE-301,estates,court_register_of_probate,text,2,Register of Probate,0.9,360.0,514.6,540.0,533.0
DE-401(A),estates,court_county,text,0,COUNTY PROBATE COURT,0.9,65.0,111.0,173.0,129.5
DE-401(A),estates,case_number,text,0,DOCKET NO.,0.9,413.5,111.0,515.0,129.5
DE-401(A),estates,estate_address_state,text,0,Estate of,0.9,103.3,146.5,290.0,165.0
DE-401(A),estates,decedent_date_signed,date,0,Date of Decedent’s Death:,0.9,174.0,183.2,295.2,201.7
DE-401(A),estates,estate_address_state_2,text,0,1.  Real Estate in Maine (net of mortgages),0.9,389.2,303.5,483.4,322.0
DE-401(A),estates,estate_address_state_3,text,0,Real Estate in Maine (net of mortgages),0.9,389.2,341.5,483.4,360.0
DE-401(A),estates,decedent_3_intangible_personal_property_wherever_,text,0,3.  Intangible Personal Property (wherever located),0.9,389.2,367.3,483.4,385.8
DE-401(A),estates,estate_address_state_4,currency,0,Total Probate Estate Value,0.9,389.2,393.0,483.4,411.5
DE-401(A),estates,decedent_3_intangible_personal_property_wherever__2,checkbox,0,3.  Intangible Personal Property (wherever located),0.7,65.0,398.6,78.6,411.0
DE-401(A),estates,estate_address_state_5,currency,0,Net Value of Probate Estate $,0.9,389.2,431.0,483.4,449.5
DE-401(A),estates,estate_address_state_6,currency,0,Net Value of Probate Estate $,0.9,389.2,456.7,483.4,475.2
DE-401(A),estates,decedent_middle_name,radio,0,"5.  Non-mortgage debts, funeral expenses, and costs of administration",0.7,65.0,462.4,78.6,474.7
DE-401(A),estates,decedent_address_state,text,0,7.  Decedent's interest in Maine real estate included in gross taxable estate,0.9,389.2,509.5,483.4,528.0
DE-401(A),estates,estate_address_state_7,text,0,Estate Tax Returns,0.7,69.6,567.3,469.6,585.7
DE-401(A),estates,decedent_i,text,0,"I,",0.9,109.3,657.1,245.0,675.6
DE-401(A),estates,decedent_date_signed_2,date,0,Dated:,0.9,93.4,702.7,224.0,721.2
DE-401(A),estates,petitioner_applicant_petitioner_attorney,text,0,Applicant/Petitioner/Attorney,0.9,281.0,702.7,506.0,721.2
DE-401(A),estates,court_action_by_the_register_or_judge_of_proba,text,1,ACTION BY THE REGISTER OR JUDGE OF PROBATE: 2,0.9,70.1,119.9,325.3,138.8
DE-401(A),estates,estate_address_state_8,currency,1, An Estate Tax Bond in the amount of $,0.9,272.4,188.9,322.8,207.4
DE-401(A),estates,decedent_date_signed_3,date,1,Dated:,0.9,99.2,257.9,232.2,276.4
DE-401(A),estates,court_judge_of_probate_register_of_probate,text,1,Judge of Probate/Register of Probate,0.9,315.0,257.9,508.2,276.4
DE-401(A),estates,decedent_1_36_m_r_s_4112,text,1,1 36 M.R.S. § 4112,0.9,70.1,326.1,210.3,344.1
DE-403,estates,case_number,text,0,DOCKET NO.,0.9,422.5,115.0,540.0,133.4
DE-403,estates,decedent_as_principal_s_and,text,0,"as principal(s), and",0.9,150.8,264.7,324.0,283.2
DE-403,estates,decedent_of,text,0,of,0.9,337.3,264.7,540.0,283.2
DE-403,estates,decedent_and,text,0,and,0.9,88.9,291.4,324.0,309.8
DE-403,estates,decedent_of_2,text,0,of,0.9,337.3,291.4,540.0,309.8
DE-403,estates,decedent_date_signed,date,0,Dated:,0.9,101.2,515.2,288.0,533.6
DE-403,estates,witness_witness,text,0,Witness,0.9,72.0,550.1,288.0,568.6
DE-403,estates,pr_personal_representative,text,0,Personal Representative,0.9,324.0,550.1,540.0,568.6
DE-403,estates,witness_witness_2,text,0,Witness,0.9,72.0,584.6,288.0,603.1
DE-403,estates,pr_co_personal_representative_if_applicable,text,0,Co-Personal Representative (if applicable),0.9,324.0,584.6,540.0,603.1
DE-403,estates,witness_witness_3,text,0,Witness,0.9,72.0,619.1,288.0,637.6
DE-403,estates,surety_surety,text,0,Surety,0.9,324.0,619.1,540.0,637.6
DE-403,estates,witness_witness_4,text,0,Witness,0.9,72.0,653.6,288.0,672.1
DE-403,estates,surety_surety_2,text,0,Surety,0.9,324.0,653.6,540.0,672.1
DE-403,estates,decedent_amount,currency,1,Gross value of pledged Personal Property: $,0.9,266.0,110.4,432.0,128.9
DE-403,estates,surety_full_name,text,1,Name of Surety (No.1),0.9,72.0,129.0,288.0,147.5
DE-403,estates,surety_full_name_2,text,1,Name of Surety (No.2),0.9,324.0,129.0,540.0,147.5
DE-403,estates,decedent_description,text,1,Description of Pledged Personal Property:,0.9,95.5,163.0,261.5,181.4
DE-403,estates,decedent_description_2,text,1,Description of Pledged Personal Property:,0.9,347.5,163.0,513.5,181.4
DE-403,estates,decedent_amount_2,currency,1,Gross value of pledged Real Property: $,0.9,250.0,381.4,432.0,399.8
DE-403,estates,surety_full_name_3,text,1,Name of Surety (No.1),0.9,72.0,400.0,288.0,418.4
DE-403,estates,surety_full_name_4,text,1,Name of Surety (No.2),0.9,324.0,400.0,540.0,418.4
DE-403,estates,decedent_description_3,text,1,Description of Pledged Real Property:,0.9,103.6,428.4,253.4,446.9
DE-403,estates,decedent_description_4,text,1,Description of Pledged Real Property:,0.9,355.6,428.4,505.4,446.9
DE-403,estates,decedent_address_street,text,1,Physical Address of Real Property,0.7,109.7,516.4,509.7,556.8
DE-403,estates,decedent_address_street_2,text,1,Physical Address of Real Property,0.7,361.7,516.4,572.0,556.8
DE-403,estates,decedent_description_5,text,1,Description of Pledged Real Property:,0.9,103.6,551.9,253.4,570.4
DE-403,estates,decedent_description_6,text,1,Description of Pledged Real Property:,0.9,355.6,551.9,505.4,570.4
DE-403,estates,surety_surety_3,text,2,Surety,0.9,324.0,149.5,504.0,168.0
DE-403,estates,decedent_date_signed_2,date,2,DATED:,0.9,399.1,211.6,540.0,230.0
DE-403,estates,attorney_notary_public_register_of_probate_attorn,text,2,Notary Public/Register of Probate/Attorney at Law,0.9,324.0,280.6,540.0,299.0
DE-403,estates,decedent_full_name,text,2,Typed or printed name of officer taking oath,0.9,324.0,315.1,540.0,333.6
DE-403,estates,decedent_full_name_2,text,2,Typed or printed name of officer taking oath,0.7,324.0,348.6,572.0,365.3
DE-403,estates,surety_surety_4,text,2,Surety,0.9,324.0,446.2,504.0,464.6
DE-403,estates,decedent_date_signed_3,date,2,DATED:,0.9,399.1,508.3,540.0,526.8
DE-403,estates,attorney_notary_public_register_of_probate_attorn_2,text,2,Notary Public/Register of Probate/Attorney at Law,0.9,324.0,577.3,540.0,595.8
DE-403,estates,decedent_full_name_3,text,2,Typed or printed name of officer taking oath,0.9,324.0,611.8,540.0,630.2
DE-403,estates,surety_full_name_5,text,3,"If this bond is used by a corporate surety, endorse here, giving the name of the corporate surety and the name",0.7,108.0,109.3,508.0,126.8
DE-403,estates,surety_full_name_6,text,3,Name of Corporate Surety,0.7,90.0,144.1,490.0,161.3
DE-403,estates,surety_address_street,text,3,Address and Phone Number for Corporate Surety,0.7,90.0,178.5,490.0,195.9
DE-403,estates,decedent_full_name_4,text,3,Name and Authority of Officer Executing Bond,0.7,90.0,213.1,490.0,241.1
DE-403,estates,decedent_date_signed_4,date,3,Dated:,0.9,103.3,355.3,259.0,373.8
DE-403,estates,court_register_of_probate,text,3,Register of Probate,0.9,360.0,355.3,540.0,373.8
DE-405,estates,case_number,text,0,DOCKET NO.,0.9,422.5,115.0,540.0,133.4
DE-405,estates,estate_address_state,text,0,Estate of,0.9,121.4,149.6,315.0,168.1
DE-405,estates,decedent_item,text,0,ITEM,0.9,72.5,218.5,127.3,237.0
DE-405,estates,decedent_description,text,0,PROPERTY DESCRIPTION,0.9,127.8,218.5,288.5,237.0
DE-405,estates,decedent_encumbrances_if_any,text,0,"ENCUMBRANCES, IF ANY",0.9,289.0,218.5,400.0,237.0
DE-405,estates,decedent_encumbrances_if_any_2,text,0,"ENCUMBRANCES, IF ANY",0.9,400.4,218.5,539.5,237.0
DE-405,estates,decedent_number,text,0,NUMBER,0.9,72.5,253.6,127.3,272.0
DE-405,estates,decedent_and_nature_of_interest,text,0,and nature of interest ),0.9,127.8,253.6,288.5,272.0
DE-405,estates,decedent_a_real_property,text,0,A. REAL PROPERTY*,0.9,289.0,253.6,400.0,272.0
DE-405,estates,decedent_book_and_page_if_recorded,text,0,book and page if recorded),0.9,400.4,253.6,539.5,272.0
DE-405,estates,decedent_number_2,text,0,NUMBER,0.9,72.5,267.8,127.3,286.3
DE-405,estates,decedent_a_real_property_2,text,0,A. REAL PROPERTY*,0.9,127.8,267.8,288.5,286.3
DE-405,estates,decedent_a_real_property_3,text,0,A. REAL PROPERTY*,0.9,289.0,267.8,400.0,286.3
DE-405,estates,decedent_book_and_page_if_recorded_2,text,0,book and page if recorded),0.9,400.4,267.8,539.5,286.3
DE-405,estates,decedent_2_row_4,text,0,2 (row 4),0.7,73.0,345.3,126.3,400.9
DE-405,estates,decedent_and_nature_of_interest_row_4,text,0,and nature of interest ) (row 4),0.7,128.3,345.3,287.5,400.9
DE-405,estates,decedent_a_real_property_row_4,text,0,A. REAL PROPERTY* (row 4),0.7,289.5,345.3,399.0,400.9
DE-405,estates,decedent_book_and_page_if_recorded_row_4,text,0,book and page if recorded) (row 4),0.7,401.0,345.3,538.5,400.9
DE-405,estates,decedent_3_row_8,text,0,3 (row 8),0.7,73.0,403.4,126.3,458.8
DE-405,estates,decedent_and_nature_of_interest_row_8,text,0,and nature of interest ) (row 8),0.7,128.3,403.4,287.5,458.8
DE-405,estates,decedent_a_real_property_row_8,text,0,A. REAL PROPERTY* (row 8),0.7,289.5,403.4,399.0,458.8
DE-405,estates,decedent_book_and_page_if_recorded_row_8,text,0,book and page if recorded) (row 8),0.7,401.0,403.4,538.5,458.8
DE-405,estates,decedent_4_row_12,text,0,4 (row 12),0.7,73.0,461.3,126.3,516.8
DE-405,estates,decedent_a_real_property_row_12,text,0,A. REAL PROPERTY* (row 12),0.7,128.3,461.3,287.5,516.8
DE-405,estates,decedent_a_real_property_row_12_2,text,0,A. REAL PROPERTY* (row 12),0.7,289.5,461.3,399.0,516.8
DE-405,estates,decedent_field,text,0,,0.5,401.0,461.3,538.5,516.8
DE-405,estates,decedent_5_row_16,text,0,5 (row 16),0.7,73.0,519.3,126.3,574.8
DE-405,estates,decedent_field_2,text,0,,0.5,128.3,519.3,287.5,574.8
DE-405,estates,decedent_field_3,text,0,,0.5,289.5,519.3,399.0,574.8
DE-405,estates,decedent_field_4,text,0,,0.5,401.0,519.3,538.5,574.8
DE-405,estates,decedent_field_5,text,0,,0.7,73.0,615.8,127.3,634.3
DE-405,estates,decedent_field_6,text,0,,0.7,127.8,615.8,288.5,634.3
DE-405,estates,decedent_amount,currency,0,$ _____________________,0.9,289.4,615.8,400.0,634.3
DE-405,estates,decedent_amount_2,currency,0,$ _____________________,0.9,400.9,615.8,539.5,634.3
DE-405,estates,decedent_description_2,text,1,PROPERTY DESCRIPTION,0.9,107.9,54.0,318.0,72.5
DE-405,estates,decedent_amount_3,currency,1,VALUE,0.9,318.5,54.0,438.4,72.5
DE-405,estates,decedent_page_2_of_3,text,1,Page 2 of 3,0.9,438.8,54.0,554.3,72.5
DE-405,estates,decedent_number_3,text,1,NUMBER,0.9,107.9,77.5,318.0,96.0
DE-405,estates,decedent_amount_4,currency,1,VALUE,0.9,318.5,77.5,438.4,96.0
DE-405,estates,decedent_if_any,text,1,IF ANY,0.9,438.8,77.5,554.3,96.0
DE-405,estates,decedent_b_tangible_personal_property,text,1,B. TANGIBLE PERSONAL PROPERTY,0.9,107.9,91.8,318.0,110.3
DE-405,estates,decedent_b_tangible_personal_property_2,text,1,B. TANGIBLE PERSONAL PROPERTY,0.9,318.5,91.8,438.4,110.3
DE-405,estates,decedent_if_any_2,text,1,IF ANY,0.9,438.8,91.8,554.3,110.3
DE-405,estates,decedent_b_tangible_personal_property_3,text,1,B. TANGIBLE PERSONAL PROPERTY,0.9,107.9,115.3,318.0,133.8
DE-405,estates,decedent_b_tangible_personal_property_4,text,1,B. TANGIBLE PERSONAL PROPERTY,0.9,318.5,115.3,438.4,133.8
DE-405,estates,decedent_field_7,text,1,,0.7,438.8,115.3,554.3,133.8
DE-405,estates,decedent_field_8,text,1,,0.7,107.9,138.8,318.0,157.3
DE-405,estates,decedent_field_9,text,1,,0.7,318.5,138.8,438.4,157.3
DE-405,estates,decedent_field_10,text,1,,0.7,438.8,138.8,554.3,157.3
DE-405,estates,decedent_field_11,text,1,,0.7,107.9,162.2,318.0,180.7
DE-405,estates,decedent_field_12,text,1,,0.7,318.5,162.2,438.4,180.7
DE-405,estates,decedent_field_13,text,1,,0.7,438.8,162.2,554.3,180.7
DE-405,estates,decedent_field_14,text,1,,0.7,107.9,185.8,318.0,204.2
DE-405,estates,decedent_field_15,text,1,,0.7,318.5,185.8,438.4,204.2
DE-405,estates,decedent_field_16,text,1,,0.7,438.8,185.8,554.3,204.2
DE-405,estates,decedent_field_17,text,1,,0.7,107.9,209.3,318.0,227.8
DE-405,estates,decedent_field_18,text,1,,0.7,318.5,209.3,438.4,227.8
DE-405,estates,decedent_field_19,text,1,,0.7,438.8,209.3,554.3,227.8
DE-405,estates,decedent_field_20,text,1,,0.7,107.9,232.8,318.0,251.3
DE-405,estates,decedent_field_21,text,1,,0.7,318.5,232.8,438.4,251.3
DE-405,estates,decedent_field_22,text,1,,0.7,438.8,232.8,554.3,251.3
DE-405,estates,decedent_field_23,text,1,,0.7,107.9,256.3,318.0,274.8
DE-405,estates,decedent_field_24,text,1,,0.7,318.5,256.3,438.4,274.8
DE-405,estates,decedent_field_25,text,1,,0.7,438.8,256.3,554.3,274.8
DE-405,estates,decedent_field_26,text,1,,0.7,107.9,279.8,318.0,298.3
DE-405,estates,decedent_field_27,text,1,,0.7,318.5,279.8,438.4,298.3
DE-405,estates,decedent_field_28,text,1,,0.7,438.8,279.8,554.3,298.3
DE-405,estates,decedent_field_29,text,1,,0.7,107.9,303.2,318.0,321.7
DE-405,estates,decedent_field_30,text,1,,0.7,318.5,303.2,438.4,321.7
DE-405,estates,decedent_field_31,text,1,,0.7,438.8,303.2,554.3,321.7
DE-405,estates,decedent_field_32,text,1,,0.7,107.9,326.8,318.0,345.2
DE-405,estates,decedent_field_33,text,1,,0.7,318.5,326.8,438.4,345.2
DE-405,estates,decedent_field_34,text,1,,0.7,438.8,326.8,554.3,345.2
DE-405,estates,decedent_c_intangible_personal_property,text,1,C. INTANGIBLE PERSONAL PROPERTY,0.9,107.9,350.3,318.0,368.8
DE-405,estates,decedent_c_intangible_personal_property_2,text,1,C. INTANGIBLE PERSONAL PROPERTY,0.9,318.5,350.3,438.4,368.8
DE-405,estates,decedent_c_intangible_personal_property_3,text,1,C. INTANGIBLE PERSONAL PROPERTY,0.9,438.8,350.3,554.3,368.8
DE-405,estates,decedent_c_intangible_personal_property_4,text,1,C. INTANGIBLE PERSONAL PROPERTY,0.9,107.9,364.6,318.0,383.0
DE-405,estates,decedent_c_intangible_personal_property_5,text,1,C. INTANGIBLE PERSONAL PROPERTY,0.9,318.5,364.6,438.4,383.0
DE-405,estates,decedent_encumbrances,text,1,"ENCUMBRANCES,",0.9,438.8,364.6,554.3,383.0
DE-405,estates,decedent_number_and_type_of_account,text,1,number and type of account),0.9,107.9,411.1,318.0,429.6
DE-405,estates,decedent_amount_5,currency,1,VALUE,0.9,318.5,411.1,438.4,429.6
DE-405,estates,decedent_if_any_3,text,1,IF ANY,0.9,438.8,411.1,554.3,429.6
DE-405,estates,decedent_number_and_type_of_account_2,text,1,number and type of account),0.9,107.9,434.5,318.0,453.0
DE-405,estates,decedent_field_35,text,1,,0.7,318.5,434.5,438.4,453.0
DE-405,estates,decedent_field_36,text,1,,0.7,438.8,434.5,554.3,453.0
DE-405,estates,decedent_field_37,text,1,,0.7,107.9,458.0,318.0,476.5
DE-405,estates,decedent_field_38,text,1,,0.7,318.5,458.0,438.4,476.5
DE-405,estates,decedent_field_39,text,1,,0.7,438.8,458.0,554.3,476.5
DE-405,estates,decedent_field_40,text,1,,0.7,107.9,481.6,318.0,500.0
DE-405,estates,decedent_field_41,text,1,,0.7,318.5,481.6,438.4,500.0
DE-405,estates,decedent_field_42,text,1,,0.7,438.8,481.6,554.3,500.0
DE-405,estates,decedent_field_43,text,1,,0.7,107.9,505.1,318.0,523.6
DE-405,estates,decedent_field_44,text,1,,0.7,318.5,505.1,438.4,523.6
DE-405,estates,decedent_field_45,text,1,,0.7,438.8,505.1,554.3,523.6
DE-405,estates,decedent_field_46,text,1,,0.7,107.9,528.6,318.0,547.1
DE-405,estates,decedent_field_47,text,1,,0.7,318.5,528.6,438.4,547.1
DE-405,estates,decedent_field_48,text,1,,0.7,438.8,528.6,554.3,547.1
DE-405,estates,decedent_field_49,text,1,,0.7,107.9,552.0,318.0,570.5
DE-405,estates,decedent_field_50,text,1,,0.7,318.5,552.0,438.4,570.5
DE-405,estates,decedent_field_51,text,1,,0.7,438.8,552.0,554.3,570.5
DE-405,estates,decedent_field_52,text,1,,0.7,107.9,575.5,318.0,594.0
DE-405,estates,decedent_field_53,text,1,,0.7,318.5,575.5,438.4,594.0
DE-405,estates,decedent_field_54,text,1,,0.7,438.8,575.5,554.3,594.0
DE-405,estates,decedent_field_55,text,1,,0.7,108.4,599.0,318.0,617.5
DE-405,estates,decedent_amount_6,currency,1,$ _____________________,0.9,319.0,599.0,438.4,617.5
DE-405,estates,decedent_amount_7,currency,1,$ _____________________,0.9,439.3,599.0,554.3,617.5
DE-405,estates,decedent_amount_8,currency,2,Gross Value of Inventory:,0.9,72.0,129.8,286.4,148.3
DE-405,estates,decedent_amount_9,currency,2,Gross Value of Inventory:,0.9,287.9,129.8,442.2,148.3
DE-405,estates,decedent_amount_10,currency,2,Net Value of Inventory:,0.9,72.0,214.2,286.4,232.7
DE-405,estates,decedent_amount_11,currency,2,Net Value of Inventory:,0.9,287.9,214.2,442.2,232.7
DE-405,estates,decedent_date_signed,date,2,Dated:,0.9,101.2,411.2,288.0,429.7
DE-405,estates,pr_personal_representative,text,2,Personal Representative,0.9,360.0,411.2,540.0,429.7
DE-405,estates,decedent_full_name,text,2,Name,0.9,94.6,463.3,304.2,481.8
DE-405,estates,decedent_address_street,text,2,Address,0.9,94.6,492.8,304.2,511.3
DE-405,estates,decedent_address_street_2,text,2,Address,0.9,94.6,522.5,304.2,541.0
DE-405,estates,decedent_phone,text,2,Phone Number,0.9,94.6,551.0,304.2,569.5
DE-405,estates,decedent_maine_bar_number,text,2,Maine Bar Number,0.9,94.6,579.7,304.2,598.2
DE-405,estates,decedent_address_street_3,text,2,Email Address,0.9,94.6,608.0,304.2,626.5
DE-405,estates,decedent_1_18_c_m_r_s_3_706_and_3_708,text,2,1. 18-C M.R.S. §§ 3-706 and 3-708.,0.9,72.0,635.5,216.0,653.9
DE-406,estates,case_number,text,0,DOCKET NO.,0.9,422.5,115.0,540.0,133.4
DE-406,estates,decedent_1_that_inventory_or_prior_account_showed,text,0,"1.  That inventory or prior account showed (Note: fill in every line.  If zero, enter “0”).",0.9,365.0,266.8,504.0,285.2
DE-406,estates,decedent_that_inventory_or_prior_account_showed_n,text,0,That inventory or prior account showed (Note: fill in every,0.9,365.0,289.8,504.0,308.3
DE-406,estates,decedent_amount,currency,0,Intangible personal property with a net value of,0.9,365.0,312.8,504.0,331.3
DE-406,estates,decedent_that_inventory_or_prior_account_showed_n_2,text,0,That inventory or prior account showed (Note: fill in every,0.9,365.0,335.8,504.0,354.2
DE-406,estates,estate_last_name,date,0,"2.  Since the date of the inventory or last accounting, the Estate has had:",0.9,365.0,393.2,504.0,411.7
DE-406,estates,decedent_amount_2,currency,0,Expenses in the amount of (See attached Schedule B),0.9,365.0,416.3,504.0,434.8
DE-406,estates,decedent_amount_3,currency,0,Exemptions/Allowances in the amount of (See attached Schedule C) 2,0.9,365.0,439.3,504.0,457.8
DE-406,estates,decedent_amount_4,currency,0,Distributions in the amount of (See attached Schedule D),0.9,365.0,462.2,504.0,480.7
DE-406,estates,estate_address_state,currency,0,Current net Estate balances are:,0.9,365.0,519.8,504.0,538.3
DE-406,estates,estate_address_state_2,currency,0,Current net Estate balances are:,0.9,365.0,542.8,504.0,561.2
DE-406,estates,estate_address_state_3,currency,0,Current net Estate balances are:,0.9,365.0,565.8,504.0,584.3
DE-406,estates,decedent_date_signed,date,1,Dated:,0.9,120.0,156.4,271.0,174.8
DE-406,estates,pr_personal_representative,text,1,Personal Representative,0.9,324.2,156.4,528.4,174.8
DE-406,estates,decedent_date_signed_2,date,1,Date:,0.9,115.0,211.0,271.0,229.4
DE-406,estates,pr_co_personal_representative_if_applicable,text,1,Co-Personal Representative (if applicable),0.9,324.2,211.0,528.4,229.4
DE-406,estates,decedent_full_name,text,1,Name,0.9,100.6,274.8,300.5,293.3
DE-406,estates,decedent_address_street,text,1,Address,0.9,100.6,304.1,300.5,322.6
DE-406,estates,decedent_address_street_2,text,1,Address,0.9,100.6,333.5,300.5,352.0
DE-406,estates,decedent_phone,text,1,Phone Number,0.9,100.6,361.7,300.5,380.2
DE-406,estates,decedent_maine_bar_number,text,1,Maine Bar Number,0.9,100.6,390.0,300.5,408.5
DE-406,estates,decedent_address_street_3,text,1,Email Address,0.9,100.6,418.4,300.5,436.9
DE-406,estates,decedent_address_street_4,text,1,Email Address,0.7,100.6,448.9,500.6,475.9
DE-407,estates,case_number,text,0,DOCKET NO.,0.9,422.6,115.0,540.1,133.5
DE-407,estates,decedent_check_all_that_apply,text,0,Check all that apply:,0.9,72.0,232.3,152.4,250.8
DE-407,estates,decedent_date_signed,date,0,Dated:,0.9,98.8,417.5,312.6,436.0
DE-407,estates,decedent_signature,text,0,Signature,0.9,361.6,417.5,540.1,436.0
DE-407,estates,decedent_full_name,text,0,Printed or Typed Name,0.9,361.6,451.1,540.1,469.6
DE-407,estates,decedent_address_street,text,0,Address,0.9,361.6,483.8,540.1,502.3
DE-407,estates,decedent_address_street_2,text,0,Address (cont.),0.9,361.6,516.3,540.1,534.8
DE-501,estates,court_county,text,0,COUNTY PROBATE COURT,0.9,70.0,96.1,199.4,114.6
DE-501,estates,case_number,text,0,DOCKET NO.,0.9,403.3,96.1,468.0,114.6
DE-501,estates,estate_address_state,text,0,Estate of,0.9,123.6,144.5,289.0,163.0
DE-501,estates,petitioner_full_name,text,0,"Full legal name, address and email address of Petitioner.",0.7,79.2,213.3,479.2,248.6
DE-501,estates,estate_address_state_2,radio,1,That this Estate be supervised.,0.7,116.3,206.9,125.6,216.2
DE-501,estates,estate_address_state_3,radio,1,That this Estate not be supervised.,0.7,116.3,229.9,125.6,239.2
DE-501,estates,pr_that_the_following_special_restrictions_,radio,1,That the following special restrictions apply to the powers of the Personal Representative of,0.7,116.3,253.0,125.6,262.3
DE-501,estates,decedent_date_signed,date,1,Dated:,0.9,99.7,347.6,223.0,366.1
DE-501,estates,petitioner_petitioner_or_attorney_3,text,1,Petitioner or Attorney 3,0.9,294.2,347.6,505.0,366.1
DE-501,estates,decedent_full_name,text,1,Name,0.9,64.0,395.5,221.2,414.0
DE-501,estates,decedent_address_street,text,1,Address,0.9,64.0,424.6,221.2,443.0
DE-501,estates,decedent_address_street_2,text,1,Address,0.9,64.0,453.6,221.2,472.1
DE-501,estates,decedent_phone,text,1,Phone Number,0.9,64.0,481.6,221.2,500.0
DE-501,estates,decedent_maine_bar_number,text,1,Maine Bar Number,0.9,64.0,509.5,221.2,528.0
DE-501,estates,decedent_address_street_3,text,1,Email Address,0.9,64.0,538.0,221.2,556.4
DE-501,estates,pr_notice_to_personal_representative,text,2,NOTICE TO PERSONAL REPRESENTATIVE,0.9,208.3,62.4,403.6,80.9
DE-501,estates,pr_there_are_no_other_restrictions_on_the_p,text,2," There are no other restrictions on the powers of Personal Representative, except",0.7,136.0,272.0,536.0,289.1
DE-501,estates,decedent_date_signed_2,date,2,Date,0.9,105.4,352.2,250.1,370.7
DE-501,estates,court_judge_of_probate,text,2,Judge of Probate,0.9,312.4,352.2,516.5,370.7
DE-501,estates,decedent_1_18_c_m_r_s_1_201_26,text,2,1 18-C M.R.S. § 1-201(26),0.9,79.2,602.9,223.2,620.9
DE-502,estates,court_county,text,0,COUNTY PROBATE COURT,0.9,82.0,86.9,199.4,105.4
DE-502,estates,case_number,text,0,DOCKET NO.,0.9,413.5,86.9,468.0,105.4
DE-502,estates,estate_address_state,text,0,Estate of,0.9,123.6,109.6,286.6,128.0
DE-502,estates,petitioner_amount,currency,0, Petitioner believes the Bond should be in the amount of $                              for the following reasons:,0.9,333.0,253.4,405.6,271.9
DE-502,estates,decedent_date_signed,date,0,Dated,0.9,97.0,403.2,223.0,421.7
DE-502,estates,petitioner_petitioner_or_attorney,text,0,Petitioner or Attorney,0.9,294.2,403.2,505.0,421.7
DE-502,estates,attorney_attorney_required_by_rule_11,text,0,Attorney (Required by Rule 11),0.9,294.2,437.6,505.0,456.1
DE-502,estates,decedent_full_name,text,0,Name,0.9,64.0,485.6,221.2,504.1
DE-502,estates,decedent_address_street,text,0,Address,0.9,64.0,514.6,221.2,533.0
DE-502,estates,decedent_address_street_2,text,0,Address,0.9,64.0,543.6,221.2,562.1
DE-502,estates,decedent_phone,text,0,Phone Number,0.9,64.0,571.6,221.2,590.0
DE-502,estates,decedent_maine_bar_number,text,0,Maine Bar Number,0.9,64.0,599.6,221.2,618.1
DE-502,estates,decedent_address_street_3,text,0,Email Address,0.9,64.0,628.0,221.2,646.4
DE-502,estates,pr_notice_to_personal_representative,text,0,NOTICE TO PERSONAL REPRESENTATIVE,0.9,208.2,657.0,393.7,675.5
DE-502,estates,decedent_filing_the_bond_demanded_2,text,0,filing the bond demanded. 2,0.9,79.2,712.3,223.2,730.3
DE-503,estates,case_number,text,0,DOCKET NO.,0.9,422.5,115.0,540.0,133.4
DE-503,estates,decedent_dod,date,0,"Residence and Decedent’s date of death, if known",0.7,72.0,217.5,472.0,235.0
DE-503,estates,claimant_full_name,text,0,Name of Claimant,0.7,72.0,252.1,472.0,269.4
DE-503,estates,claimant_address_street,text,0,Address of Claimant,0.7,72.0,286.5,472.0,315.4
DE-503,estates,decedent_date_signed,date,0,Date claim will become due if not yet due,0.7,71.9,424.5,471.9,442.0
DE-503,estates,decedent_full_name,text,1,Name,0.9,72.0,82.0,235.4,100.4
DE-503,estates,decedent_address_street,text,1,Address,0.9,72.0,110.9,235.4,129.4
DE-503,estates,decedent_address_street_2,text,1,Address,0.9,72.0,139.9,235.4,158.4
DE-503,estates,decedent_phone,text,1,Phone Number,0.9,72.0,167.9,235.4,186.4
DE-503,estates,decedent_maine_bar_number,text,1,Maine Bar Number,0.9,72.0,196.0,235.4,214.4
DE-503,estates,decedent_address_street_3,text,1,Email Address,0.9,72.0,224.3,235.4,242.8
DE-503,estates,pr_decisions_by_personal_representative_s,text,1,Decisions by Personal Representative(s),0.7,72.0,275.8,472.0,293.7
DE-503,estates,decedent_full_name_2,text,1,Name,0.9,72.0,421.8,235.7,440.3
DE-503,estates,decedent_address_street_4,text,1,Address,0.9,72.0,451.2,235.7,469.7
DE-503,estates,decedent_address_street_5,text,1,Address,0.9,72.0,480.5,235.7,499.0
DE-503,estates,decedent_phone_2,text,1,Phone Number,0.9,72.0,508.8,235.7,527.3
DE-503,estates,decedent_maine_bar_number_2,text,1,Maine Bar Number,0.9,72.0,537.0,235.7,555.5
DE-503,estates,decedent_1_see_rule_11,text,2,1 See Rule 11,0.9,72.0,257.5,216.0,276.1
DE-504,estates,case_number,text,0,DOCKET NO.,0.9,422.5,103.6,540.0,122.0
DE-504,estates,petitioner_full_name,text,0,"Full legal name, address, email address and telephone number of Petitioner",0.7,72.0,194.5,472.0,223.1
DE-504,estates,decedent_full_name,text,0,Name,0.9,72.0,580.9,229.2,599.4
DE-504,estates,decedent_address_street,text,0,Address,0.9,72.0,610.0,229.2,628.4
DE-504,estates,decedent_address_street_2,text,0,Address,0.9,72.0,639.0,229.2,657.5
DE-504,estates,decedent_phone,text,0,Phone Number,0.9,72.0,667.0,229.2,685.4
DE-504,estates,decedent_maine_bar_number,text,0,Maine Bar Number,0.9,72.0,694.9,229.2,713.4
DE-504,estates,decedent_address_street_3,text,0,Email Address,0.9,72.0,723.4,229.2,741.8
DE-504,estates,decedent_address_street_4,text,0,Email Address,0.7,72.0,753.9,472.0,790.0
DE-504,estates,pr_amount,currency,1,The Personal Representative shall pay to the Claimant the sum of $,0.9,377.2,195.5,504.0,214.0
DE-504,estates,decedent_1_18_c_m_r_s_3_804_and_3_806,text,1,1 18-C M.R.S. §§ 3-804 and 3-806.,0.9,72.0,308.2,216.0,326.8
DE-505,estates,case_number,text,0,DOCKET NO.,0.9,422.5,103.6,540.0,122.0
DE-505,estates,minor_full_name,text,0,"made no provision.  That child’s full legal name, current address and email address are",0.7,85.4,206.0,485.4,234.6
DE-505,estates,decedent_description,text,0,basis of the following facts,0.7,85.5,344.0,485.5,384.0
DE-505,estates,decedent_full_name,text,0,Name,0.9,72.0,466.0,229.2,484.4
DE-505,estates,decedent_address_street,text,0,Address,0.9,72.0,495.0,229.2,513.5
DE-505,estates,decedent_address_street_2,text,0,Address,0.9,72.0,523.9,229.2,542.4
DE-505,estates,decedent_phone,text,0,Phone Number,0.9,72.0,552.0,229.2,570.5
DE-505,estates,decedent_maine_bar_number,text,0,Maine Bar Number,0.9,72.0,580.0,229.2,598.4
DE-505,estates,decedent_address_street_3,text,0,Email Address,0.9,72.0,608.4,229.2,626.9
DE-505,estates,decedent_1_18_c_m_r_s_2_302,text,0,1 18-C M.R.S. § 2-302.,0.9,72.0,636.8,252.0,655.3
DE-506,estates,case_number,text,0,DOCKET NO.,0.9,422.5,103.6,540.0,122.0
DE-506,estates,estate_address_state,text,0,Estate of,0.9,109.8,138.0,288.0,156.5
DE-506,estates,decedent_full_name,text,0,"Full legal name, address, email address and telephone number of Petitioner (surviving spouse of Decedent)",0.7,72.0,205.9,472.0,246.2
DE-506,estates,decedent_date_signed,date,0,Date of Decedent’s death,0.7,72.0,263.6,472.0,280.6
DE-506,estates,decedent_last_name,date,0,Date of probate of Decedent’s Last Will and Testament,0.7,72.0,298.0,472.0,315.1
DE-506,estates,estate_middle_name,currency,0,"5.  The value of the probate estate, if it has been determined, is $",0.9,330.6,345.0,418.6,363.5
DE-506,estates,petitioner_middle_name,currency,0,"6.  The value of the augmented estate, to the extent the Petitioner can determine it, is $",0.9,418.1,379.4,531.6,397.9
DE-506,estates,decedent_full_name_2,text,0,Name,0.9,47.6,438.1,195.5,456.6
DE-506,estates,decedent_amount,currency,0,Nature and value of property held and details of its,0.9,196.0,438.1,348.5,456.6
DE-506,estates,decedent_amount_2,currency,0,Nature and value of property held and details of its,0.9,349.0,438.1,564.5,456.6
DE-506,estates,decedent_full_name_3,text,0,Name,0.9,47.6,461.5,195.5,480.0
DE-506,estates,decedent_address_street,text,0,Address,0.9,196.0,461.5,348.5,480.0
DE-506,estates,decedent_transfer,text,0,transfer,0.9,349.0,461.5,564.5,480.0
DE-506,estates,petitioner_the_following_persons_including_petition,text,0,"The following persons, including Petitioner, are thought to",0.9,47.6,496.6,195.5,515.0
DE-506,estates,petitioner_the_following_persons_including_petition_2,text,0,"The following persons, including Petitioner, are thought to",0.9,196.0,496.6,348.5,515.0
DE-506,estates,petitioner_the_following_persons_including_petition_3,text,0,"The following persons, including Petitioner, are thought to",0.9,349.0,496.6,564.5,515.0
DE-506,estates,petitioner_the_following_persons_including_petition_4,text,0,"The following persons, including Petitioner, are thought to",0.9,47.6,531.6,195.5,550.1
DE-506,estates,petitioner_the_following_persons_including_petition_5,text,0,"The following persons, including Petitioner, are thought to",0.9,196.0,531.6,348.5,550.1
DE-506,estates,petitioner_the_following_persons_including_petition_6,text,0,"The following persons, including Petitioner, are thought to",0.9,349.0,531.6,564.5,550.1
DE-506,estates,decedent_field,text,0,,0.7,47.6,566.5,195.5,585.0
DE-506,estates,decedent_field_2,text,0,,0.7,196.0,566.5,348.5,585.0
DE-506,estates,decedent_field_3,text,0,,0.7,349.0,566.5,564.5,585.0
DE-506,estates,decedent_field_4,text,0,,0.7,47.6,601.6,195.5,620.0
DE-506,estates,decedent_field_5,text,0,,0.7,196.0,601.6,348.5,620.0
DE-506,estates,decedent_field_6,text,0,,0.7,349.0,601.6,564.5,620.0
DE-506,estates,decedent_field_7,text,0,,0.7,47.6,636.6,195.5,655.1
DE-506,estates,decedent_field_8,text,0,,0.7,196.0,636.6,348.5,655.1
DE-506,estates,decedent_field_9,text,0,,0.7,349.0,636.6,564.5,655.1
DE-506,estates,decedent_field_10,text,0,,0.7,47.6,671.5,195.5,690.0
DE-506,estates,decedent_field_11,text,0,,0.7,196.0,671.5,348.5,690.0
DE-506,estates,decedent_field_12,text,0,,0.7,349.0,671.5,564.5,690.0
DE-506,estates,decedent_full_name_4,text,1,Name,0.9,47.6,54.0,195.5,72.5
DE-506,estates,decedent_amount_3,currency,1,Nature and value of property held and details of its,0.9,196.0,54.0,348.5,72.5
DE-506,estates,decedent_amount_4,currency,1,Nature and value of property held and details of its,0.9,349.0,54.0,564.5,72.5
DE-506,estates,decedent_full_name_5,text,1,Name,0.9,47.6,77.5,195.5,96.0
DE-506,estates,decedent_address_street_2,text,1,Address,0.9,196.0,77.5,348.5,96.0
DE-506,estates,decedent_transfer_2,text,1,transfer,0.9,349.0,77.5,564.5,96.0
DE-506,estates,decedent_field_13,text,1,,0.7,47.6,112.4,195.5,130.9
DE-506,estates,decedent_field_14,text,1,,0.7,196.0,112.4,348.5,130.9
DE-506,estates,decedent_field_15,text,1,,0.7,349.0,112.4,564.5,130.9
DE-506,estates,decedent_field_16,text,1,,0.7,47.6,147.5,195.5,166.0
DE-506,estates,decedent_field_17,text,1,,0.7,196.0,147.5,348.5,166.0
DE-506,estates,decedent_field_18,text,1,,0.7,349.0,147.5,564.5,166.0
DE-506,estates,decedent_field_19,text,1,,0.7,47.6,182.5,195.5,201.0
DE-506,estates,decedent_field_20,text,1,,0.7,196.0,182.5,348.5,201.0
DE-506,estates,decedent_field_21,text,1,,0.7,349.0,182.5,564.5,201.0
DE-506,estates,decedent_full_name_6,text,1,Name,0.9,72.0,337.3,229.2,355.8
DE-506,estates,decedent_address_street_3,text,1,Address,0.9,72.0,366.4,229.2,384.8
DE-506,estates,decedent_address_street_4,text,1,Address,0.9,72.0,395.4,229.2,413.9
DE-506,estates,decedent_phone,text,1,Phone Number,0.9,72.0,423.4,229.2,441.8
DE-506,estates,decedent_maine_bar_number,text,1,Maine Bar Number,0.9,72.0,451.3,229.2,469.8
DE-506,estates,decedent_address_street_5,text,1,Email Address,0.9,72.0,479.8,229.2,498.2
DE-506,estates,decedent_that_the_persons_listed_in_the_foregoing,text,2, That the persons listed in the foregoing paragraph 7 have some control over assets included in the augmented,0.9,277.9,127.0,396.0,145.4
DE-506,estates,petitioner_amount,currency,2, That the Petitioner’s elective share is equal to $,0.9,298.0,173.5,432.0,192.0
DE-506,estates,decedent_date_signed_2,date,2,Dated:,0.9,101.2,569.0,216.0,587.5
DE-506,estates,court_judge_of_probate,text,2,Judge of Probate,0.9,324.0,569.0,540.0,587.5
DE-506,estates,decedent_1_18_c_m_r_s_2_201_et_seq,text,2,1 18-C M.R.S. §2-201 et seq.,0.9,72.0,603.6,216.0,622.1
DE-507,estates,case_number,text,0,DOCKET NO.,0.9,422.5,115.0,540.0,133.4
DE-507,estates,petitioner_full_name,text,0,"Full legal name, address, email address and phone number of Petitioner",0.7,72.0,217.7,472.0,257.5
DE-507,estates,petitioner_address_state,text,0,Petitioner’s legal interest in the Estate 2,0.7,72.0,275.0,472.0,315.0
DE-507,estates,decedent_date_signed,date,0,(Date of appointment),0.7,252.0,409.7,572.0,448.4
DE-507,estates,decedent_middle_name,date,0,(Date of termination),0.7,72.0,431.2,472.0,448.4
DE-507,estates,pr_full_name,text,0,Name and address of Personal Representative whose appointment is sought and state basis of such person’s,0.7,72.0,580.9,472.0,620.9
DE-507,estates,decedent_full_name,text,1,Name,0.9,67.8,88.4,202.3,106.9
DE-507,estates,decedent_address_street,text,1,Address,0.9,202.8,88.4,462.6,106.9
DE-507,estates,decedent_relationship,text,1,Relationship to,0.9,463.1,88.4,544.2,106.9
DE-507,estates,decedent_full_name_2,text,1,Name,0.9,67.8,112.0,202.3,130.4
DE-507,estates,decedent_address_street_2,text,1,Address,0.9,202.8,112.0,462.6,130.4
DE-507,estates,decedent_decedent,text,1,Decedent,0.9,463.1,112.0,544.2,130.4
DE-507,estates,decedent_full_name_3,text,1,"Names and addresses of all interested parties, including",0.9,67.8,147.4,202.3,165.8
DE-507,estates,decedent_full_name_4,text,1,"Names and addresses of all interested parties, including",0.9,202.8,147.4,462.6,165.8
DE-507,estates,decedent_full_name_5,text,1,"Names and addresses of all interested parties, including",0.9,463.1,147.4,544.2,165.8
DE-507,estates,decedent_full_name_6,text,1,"Names and addresses of all interested parties, including",0.9,67.8,182.6,202.3,201.1
DE-507,estates,decedent_full_name_7,text,1,"Names and addresses of all interested parties, including",0.9,202.8,182.6,462.6,201.1
DE-507,estates,decedent_full_name_8,text,1,"Names and addresses of all interested parties, including",0.9,463.1,182.6,544.2,201.1
DE-507,estates,decedent_field,text,1,,0.7,67.8,217.7,202.3,236.2
DE-507,estates,decedent_field_2,text,1,,0.7,202.8,217.7,462.6,236.2
DE-507,estates,decedent_field_3,text,1,,0.7,463.1,217.7,544.2,236.2
DE-507,estates,decedent_field_4,text,1,,0.7,67.8,253.1,202.3,271.6
DE-507,estates,decedent_field_5,text,1,,0.7,202.8,253.1,462.6,271.6
DE-507,estates,decedent_field_6,text,1,,0.7,463.1,253.1,544.2,271.6
DE-507,estates,decedent_field_7,text,1,,0.7,67.8,288.4,202.3,306.8
DE-507,estates,decedent_field_8,text,1,,0.7,202.8,288.4,462.6,306.8
DE-507,estates,decedent_field_9,text,1,,0.7,463.1,288.4,544.2,306.8
DE-507,estates,decedent_field_10,text,1,,0.7,67.8,323.4,202.3,341.9
DE-507,estates,decedent_field_11,text,1,,0.7,202.8,323.4,462.6,341.9
DE-507,estates,decedent_field_12,text,1,,0.7,463.1,323.4,544.2,341.9
DE-507,estates,decedent_field_13,text,1,,0.7,67.8,358.7,202.3,377.2
DE-507,estates,decedent_field_14,text,1,,0.7,202.8,358.7,462.6,377.2
DE-507,estates,decedent_field_15,text,1,,0.7,463.1,358.7,544.2,377.2
DE-507,estates,decedent_field_16,text,1,,0.7,67.8,394.1,202.3,412.6
DE-507,estates,decedent_field_17,text,1,,0.7,202.8,394.1,462.6,412.6
DE-507,estates,decedent_field_18,text,1,,0.7,463.1,394.1,544.2,412.6
DE-507,estates,decedent_field_19,text,1,,0.7,67.8,429.1,202.3,447.6
DE-507,estates,decedent_field_20,text,1,,0.7,202.8,429.1,462.6,447.6
DE-507,estates,decedent_field_21,text,1,,0.7,463.1,429.1,544.2,447.6
DE-507,estates,decedent_field_22,text,1,,0.7,67.8,464.4,202.3,482.9
DE-507,estates,decedent_field_23,text,1,,0.7,202.8,464.4,462.6,482.9
DE-507,estates,decedent_field_24,text,1,,0.7,463.1,464.4,544.2,482.9
DE-507,estates,petitioner_full_name_2,text,1,"8.  Has Petitioner received a Demand for Notice? 7  YES  NO.  If yes, add name and address of persons",0.9,67.8,499.8,202.3,518.3
DE-507,estates,petitioner_full_name_3,text,1,"8.  Has Petitioner received a Demand for Notice? 7  YES  NO.  If yes, add name and address of persons",0.9,202.8,499.8,462.6,518.3
DE-507,estates,petitioner_full_name_4,text,1,"8.  Has Petitioner received a Demand for Notice? 7  YES  NO.  If yes, add name and address of persons",0.9,463.1,499.8,544.2,518.3
DE-507,estates,decedent_full_name_9,text,1,Name,0.9,67.8,546.2,230.2,564.7
DE-507,estates,decedent_address_street_3,text,1,Address,0.9,230.6,546.2,544.2,564.7
DE-507,estates,decedent_full_name_10,text,1,Name,0.9,67.8,569.5,230.2,588.0
DE-507,estates,decedent_address_street_4,text,1,Address,0.9,230.6,569.5,544.2,588.0
DE-507,estates,petitioner_has_petitioner_received_a_demand_for_not,text,1,Has Petitioner received a Demand for Notice? 7  YES  NO.,0.9,67.8,604.8,230.2,623.3
DE-507,estates,petitioner_has_petitioner_received_a_demand_for_not_2,text,1,Has Petitioner received a Demand for Notice? 7  YES  NO.,0.9,230.6,604.8,544.2,623.3
DE-507,estates,petitioner_has_petitioner_received_a_demand_for_not_3,text,1,Has Petitioner received a Demand for Notice? 7  YES  NO.,0.9,67.8,640.2,230.2,658.7
DE-507,estates,petitioner_has_petitioner_received_a_demand_for_not_4,text,1,Has Petitioner received a Demand for Notice? 7  YES  NO.,0.9,230.6,640.2,544.2,658.7
DE-507,estates,decedent_field_25,text,1,,0.7,67.8,675.2,230.2,693.7
DE-507,estates,decedent_field_26,text,1,,0.7,230.6,675.2,544.2,693.7
DE-507,estates,decedent_following_other_persons_entitled_to_noti,text,2,following other persons entitled to notice,0.7,135.0,120.9,535.0,161.0
DE-507,estates,decedent_full_name_11,text,2,Name,0.9,72.0,369.4,229.2,387.8
DE-507,estates,decedent_address_street_5,text,2,Address,0.9,72.0,398.4,229.2,416.9
DE-507,estates,decedent_address_street_6,text,2,Address,0.9,72.0,427.3,229.2,445.8
DE-507,estates,decedent_phone,text,2,Phone Number,0.9,72.0,455.4,229.2,473.9
DE-507,estates,decedent_maine_bar_number,text,2,Maine Bar Number,0.9,72.0,483.4,229.2,501.8
DE-507,estates,decedent_address_street_7,text,2,Email Address,0.9,72.0,511.8,229.2,530.3
DE-507,estates,decedent_fees_due_upon_filing,text,2,Fees due upon filing:,0.9,72.0,541.3,154.1,559.8
DE-509,estates,case_number,text,0,DOCKET NO.,0.9,422.5,115.0,540.0,133.4
DE-509,estates,petitioner_full_name,text,0,Full legal name of Petitioner,0.7,71.9,217.5,471.9,234.6
DE-509,estates,petitioner_address_street,text,0,"Address, email address and telephone number of Petitioner",0.7,71.9,252.1,471.9,292.1
DE-509,estates,decedent_full_name,text,0,Full legal name of Decedent,0.7,72.0,424.5,472.0,453.1
DE-509,estates,decedent_full_name_2,text,0,Name,0.9,78.8,472.6,220.3,491.0
DE-509,estates,decedent_address_street,text,0,Address,0.9,220.8,472.6,533.2,491.0
DE-509,estates,decedent_full_name_3,text,0,Name,0.9,78.8,485.2,220.3,503.6
DE-509,estates,decedent_address_street_2,text,0,Address,0.9,220.8,485.2,533.2,503.6
DE-509,estates,decedent_full_name_4,text,0,Name,0.9,78.8,510.1,220.3,528.6
DE-509,estates,decedent_address_street_3,text,0,Address,0.9,220.8,510.1,533.2,528.6
DE-509,estates,decedent_necessary,text,0,necessary):,0.9,78.8,535.7,220.3,554.2
DE-509,estates,decedent_necessary_2,text,0,necessary):,0.9,220.8,535.7,533.2,554.2
DE-509,estates,decedent_necessary_3,text,0,necessary):,0.9,78.8,560.5,220.3,579.0
DE-509,estates,decedent_necessary_4,text,0,necessary):,0.9,220.8,560.5,533.2,579.0
DE-509,estates,decedent_field,text,0,,0.7,78.8,585.4,220.3,603.8
DE-509,estates,decedent_field_2,text,0,,0.7,220.8,585.4,533.2,603.8
DE-509,estates,decedent_field_3,text,0,,0.7,78.8,611.0,220.3,629.5
DE-509,estates,decedent_field_4,text,0,,0.7,220.8,611.0,533.2,629.5
DE-509,estates,decedent_field_5,text,0,,0.7,78.8,636.7,220.3,655.2
DE-509,estates,decedent_field_6,text,0,,0.7,220.8,636.7,533.2,655.2
DE-509,estates,pr_full_name,text,0,6.  Full legal name and address of Personal Representative:,0.9,78.8,662.4,220.3,680.9
DE-509,estates,pr_full_name_2,text,0,6.  Full legal name and address of Personal Representative:,0.9,220.8,662.4,533.2,680.9
DE-509,estates,pr_date_signed,date,1,Date of appointment of Personal Representative,0.7,72.0,97.9,472.0,115.0
DE-509,estates,decedent_full_name_5,text,1,Name,0.9,72.0,360.1,229.2,378.6
DE-509,estates,decedent_address_street_4,text,1,Address,0.9,72.0,389.2,229.2,407.6
DE-509,estates,decedent_address_street_5,text,1,Address,0.9,72.0,418.2,229.2,436.7
DE-509,estates,decedent_phone,text,1,Phone Number,0.9,72.0,446.2,229.2,464.6
DE-509,estates,decedent_maine_bar_number,text,1,Maine Bar Number,0.9,72.0,474.1,229.2,492.6
DE-509,estates,decedent_address_street_6,text,1,Email Address,0.9,72.0,502.6,229.2,521.0
DE-509,estates,decedent_1_18_c_m_r_s_1_201_26,text,1,1 18-C M.R.S. § 1-201(26).,0.9,72.0,564.2,216.0,582.8
DE-601,estates,case_number,text,0,DOCKET NO.,0.9,422.5,115.0,540.0,133.4
DE-601,estates,petitioner_full_name,text,0,"Full legal name, address and email address of Petitioner.",0.7,71.9,217.5,471.9,257.6
DE-601,estates,petitioner_petitioner_asks_the_court_check_applicab,text,0,Petitioner asks the Court (Check applicable sections.),0.7,72.0,378.5,472.0,396.0
DE-601,estates,decedent_full_name,text,1,Name,0.9,72.0,93.4,229.2,111.8
DE-601,estates,decedent_address_street,text,1,Address,0.9,72.0,122.4,229.2,140.9
DE-601,estates,decedent_address_street_2,text,1,Address,0.9,72.0,151.4,229.2,169.9
DE-601,estates,decedent_phone,text,1,Phone Number,0.9,72.0,179.4,229.2,197.9
DE-601,estates,decedent_maine_bar_number,text,1,Maine Bar Number,0.9,72.0,207.4,229.2,225.8
DE-601,estates,decedent_address_street_3,text,1,Email Address,0.9,72.0,235.8,229.2,254.3
DE-601,estates,decedent_1_18_c_m_r_s_1_201_26,text,1,1 18-C M.R.S. § 1-201(26),0.9,72.0,269.2,288.0,287.4
DE-602,estates,case_number,text,0,DOCKET NO.,0.9,422.5,115.0,540.0,133.4
DE-602,estates,pr_date_signed,date,0,Six (6) months have expired since the date of original appointment of a personal representative and nine (9),0.7,71.9,252.1,471.9,280.9
DE-602,estates,decedent_dod,date,0,months have passed since the Decedent’s date of death;,0.7,85.5,263.6,485.5,280.9
DE-602,estates,decedent_date_signed,date,1,DATED:,0.9,399.1,184.0,540.0,202.4
DE-602,estates,attorney_notary_public_register_of_probate_attorn,text,1,Notary Public/Register of Probate/Attorney at Law,0.9,324.0,253.0,540.0,271.4
DE-602,estates,decedent_full_name,text,1,Typed or printed name of officer taking oath,0.9,324.0,287.5,540.0,306.0
DE-602,estates,decedent_full_name_2,text,1,Typed or printed name of officer taking oath,0.7,324.0,321.0,572.0,338.4
DE-603,estates,case_number,text,0,DOCKET NO.,0.9,422.5,103.6,540.0,122.0
DE-603,estates,pr_full_name,text,0,Full legal name and address of Personal Representative,0.7,71.9,206.0,471.9,246.5
DE-603,estates,decedent_full_name,text,0,Name,0.9,64.0,265.6,222.5,284.0
DE-603,estates,decedent_address_street,text,0,Address,0.9,223.0,265.6,381.4,284.0
DE-603,estates,estate_address_state,text,0,Interest in Estate,0.9,381.8,265.6,547.9,284.0
DE-603,estates,decedent_full_name_2,text,0,Name,0.9,64.0,277.6,222.5,296.0
DE-603,estates,decedent_address_street_2,text,0,Address,0.9,223.0,277.6,381.4,296.0
DE-603,estates,estate_address_state_2,text,0,Interest in Estate,0.9,381.8,277.6,547.9,296.0
DE-603,estates,decedent_is_aware_whose_claims_are_neither_paid_n,text,0,is aware whose claims are neither paid nor barred (attach,0.9,64.0,312.6,222.5,331.1
DE-603,estates,decedent_is_aware_whose_claims_are_neither_paid_n_2,text,0,is aware whose claims are neither paid nor barred (attach,0.9,223.0,312.6,381.4,331.1
DE-603,estates,decedent_is_aware_whose_claims_are_neither_paid_n_3,text,0,is aware whose claims are neither paid nor barred (attach,0.9,381.8,312.6,547.9,331.1
DE-603,estates,decedent_is_aware_whose_claims_are_neither_paid_n_4,text,0,is aware whose claims are neither paid nor barred (attach,0.9,64.0,347.5,222.5,366.0
DE-603,estates,decedent_is_aware_whose_claims_are_neither_paid_n_5,text,0,is aware whose claims are neither paid nor barred (attach,0.9,223.0,347.5,381.4,366.0
DE-603,estates,decedent_is_aware_whose_claims_are_neither_paid_n_6,text,0,is aware whose claims are neither paid nor barred (attach,0.9,381.8,347.5,547.9,366.0
DE-603,estates,decedent_field,text,0,,0.7,64.0,382.6,222.5,401.0
DE-603,estates,decedent_field_2,text,0,,0.7,223.0,382.6,381.4,401.0
DE-603,estates,decedent_field_3,text,0,,0.7,381.8,382.6,547.9,401.0
DE-603,estates,decedent_field_4,text,0,,0.7,64.0,417.6,222.5,436.1
DE-603,estates,decedent_field_5,text,0,,0.7,223.0,417.6,381.4,436.1
DE-603,estates,decedent_field_6,text,0,,0.7,381.8,417.6,547.9,436.1
DE-603,estates,decedent_field_7,text,0,,0.7,64.0,452.5,222.5,471.0
DE-603,estates,decedent_field_8,text,0,,0.7,223.0,452.5,381.4,471.0
DE-603,estates,decedent_field_9,text,0,,0.7,381.8,452.5,547.9,471.0
DE-603,estates,decedent_field_10,text,0,,0.7,64.0,487.6,222.5,506.0
DE-603,estates,decedent_field_11,text,0,,0.7,223.0,487.6,381.4,506.0
DE-603,estates,decedent_field_12,text,0,,0.7,381.8,487.6,547.9,506.0
DE-603,estates,decedent_field_13,text,0,,0.7,64.0,522.6,222.5,541.1
DE-603,estates,decedent_field_14,text,0,,0.7,223.0,522.6,381.4,541.1
DE-603,estates,decedent_field_15,text,0,,0.7,381.8,522.6,547.9,541.1
DE-603,estates,decedent_field_16,text,0,,0.7,64.0,557.5,222.5,576.0
DE-603,estates,decedent_field_17,text,0,,0.7,223.0,557.5,381.4,576.0
DE-603,estates,decedent_field_18,text,0,,0.7,381.8,557.5,547.9,576.0
DE-603,estates,decedent_field_19,text,0,,0.7,64.0,592.6,222.5,611.0
DE-603,estates,decedent_field_20,text,0,,0.7,223.0,592.6,381.4,611.0
DE-603,estates,decedent_field_21,text,0,,0.7,381.8,592.6,547.9,611.0
DE-603,estates,decedent_field_22,text,0,,0.7,64.0,627.6,222.5,646.1
DE-603,estates,decedent_field_23,text,0,,0.7,223.0,627.6,381.4,646.1
DE-603,estates,decedent_field_24,text,0,,0.7,381.8,627.6,547.9,646.1
DE-603,estates,decedent_field_25,text,0,,0.7,64.0,662.5,222.5,681.0
DE-603,estates,decedent_field_26,text,0,,0.7,223.0,662.5,381.4,681.0
DE-603,estates,decedent_field_27,text,0,,0.7,381.8,662.5,547.9,681.0
DE-603,estates,decedent_field_28,text,0,,0.7,64.0,697.6,222.5,716.0
DE-603,estates,decedent_field_29,text,0,,0.7,223.0,697.6,381.4,716.0
DE-603,estates,decedent_field_30,text,0,,0.7,381.8,697.6,547.9,716.0
DE-603,estates,decedent_date_signed,date,1,DATED:,0.9,399.1,296.6,540.0,315.1
DE-603,estates,decedent_full_name_3,text,1,Typed or printed name of officer taking oath,0.7,314.9,479.7,572.0,497.2
DE-605,estates,case_number,text,0,DOCKET NO.,0.9,422.5,115.0,540.0,133.4
DE-605,estates,decedent_date_signed,date,0,DATED:,0.9,399.1,439.3,540.0,457.8
DE-605,estates,case_number_2,text,1,DOCKET NO.,0.9,422.5,115.0,540.0,133.4
GS-001,guardian_minor,minor_full_name,text,0,Name:,0.9,77.2,201.6,522.1,220.1
GS-001,guardian_minor,minor_address_street,text,0,Mailing Address:,0.9,121.6,225.9,522.1,244.3
GS-001,guardian_minor,minor_address_street_2,text,0,Physical Address:,0.9,126.9,249.9,522.1,268.3
GS-001,guardian_minor,minor_dob,date,0,Date of Birth:,0.9,108.9,274.1,234.1,292.6
GS-001,guardian_minor,minor_phone,text,0,Telephone:,0.9,97.3,293.1,234.1,311.5
GS-001,guardian_minor,minor_full_name_2,text,0,Name:,0.9,77.2,331.0,522.1,349.5
GS-001,guardian_minor,minor_address_street_3,text,0,Mailing Address:,0.9,124.5,355.7,522.1,374.2
GS-001,guardian_minor,minor_address_street_4,text,0,Physical Address:,0.9,126.9,379.7,522.1,398.2
GS-001,guardian_minor,minor_dob_2,date,0,Date of Birth:,0.9,106.2,403.9,234.1,422.4
GS-001,guardian_minor,minor_phone_2,text,0,Telephone:,0.9,97.3,422.9,234.1,441.4
GS-001,guardian_minor,minor_full_name_3,text,0,Name:,0.9,75.5,460.8,522.1,479.3
GS-001,guardian_minor,minor_address_street_5,text,0,Mailing Address:,0.9,122.8,491.8,522.1,510.3
GS-001,guardian_minor,minor_address_street_6,text,0,Physical Address:,0.9,125.2,516.0,522.1,534.5
GS-001,guardian_minor,minor_dob_3,date,0,Date of Birth:,0.9,107.2,540.3,234.1,558.7
GS-001,guardian_minor,minor_phone_3,text,0,Telephone:,0.9,95.7,559.2,234.1,577.7
GS-001,guardian_minor,minor_full_name_4,text,0,Name:,0.9,75.5,597.1,522.1,615.6
GS-001,guardian_minor,minor_address_street_7,text,0,Mailing Address:,0.9,122.8,621.6,522.1,640.1
GS-001,guardian_minor,minor_address_street_8,text,0,Physical Address:,0.9,125.2,645.9,522.1,664.3
GS-001,guardian_minor,minor_dob_4,date,0,Date of Birth:,0.9,104.5,670.1,234.1,688.6
GS-001,guardian_minor,minor_phone_4,text,0,Telephone:,0.9,92.8,689.1,234.1,707.5
GS-001,guardian_minor,minor_middle_name,text,0,Relationship to Minor:,0.9,373.1,689.1,522.1,707.5
GS-001,guardian_minor,minor_full_name_5,text,1,Name:,0.9,74.3,48.7,522.1,67.2
GS-001,guardian_minor,minor_address_street_9,text,1,Mailing Address:,0.9,124.5,73.2,522.1,91.7
GS-001,guardian_minor,minor_address_street_10,text,1,Physical Address:,0.9,126.9,97.5,522.1,115.9
GS-001,guardian_minor,minor_dob_5,date,1,Date of Birth:,0.9,108.9,121.7,234.1,140.2
GS-001,guardian_minor,minor_phone_5,text,1,Telephone:,0.9,92.8,140.7,234.1,159.1
GS-001,guardian_minor,minor_middle_name_2,text,1,Relationship to Minor:,0.9,373.1,140.7,522.1,159.1
GS-001,guardian_minor,minor_full_name_6,text,1,NAME,0.9,79.8,296.4,237.0,314.9
GS-001,guardian_minor,minor_address_street_11,text,1,ADDRESS,0.9,237.5,296.4,418.5,314.9
GS-001,guardian_minor,minor_relationship,text,1,RELATIONSHIP,0.9,418.9,296.4,557.7,314.9
GS-001,guardian_minor,minor_full_name_7,text,1,NAME,0.9,79.8,309.6,237.0,328.1
GS-001,guardian_minor,minor_address_street_12,text,1,ADDRESS,0.9,237.5,309.6,418.5,328.1
GS-001,guardian_minor,minor_relationship_2,text,1,RELATIONSHIP,0.9,418.9,309.6,557.7,328.1
GS-001,guardian_minor,minor_full_name_8,text,1,NAME,0.9,79.8,322.8,237.0,341.3
GS-001,guardian_minor,minor_address_street_13,text,1,ADDRESS,0.9,237.5,322.8,418.5,341.3
GS-001,guardian_minor,minor_relationship_3,text,1,RELATIONSHIP,0.9,418.9,322.8,557.7,341.3
GS-001,guardian_minor,minor_full_name_9,text,1,NAME,0.9,79.8,336.0,237.0,354.5
GS-001,guardian_minor,minor_address_street_14,text,1,ADDRESS,0.9,237.5,336.0,418.5,354.5
GS-001,guardian_minor,minor_relationship_4,text,1,RELATIONSHIP,0.9,418.9,336.0,557.7,354.5
GS-001,guardian_minor,minor_field,text,1,,0.7,79.8,349.0,237.0,367.5
GS-001,guardian_minor,minor_field_2,text,1,,0.7,237.5,349.0,418.5,367.5
GS-001,guardian_minor,minor_field_3,text,1,,0.7,418.9,349.0,557.7,367.5
GS-001,guardian_minor,minor_field_4,text,1,,0.7,79.8,362.2,237.0,380.7
GS-001,guardian_minor,minor_field_5,text,1,,0.7,237.5,362.2,418.5,380.7
GS-001,guardian_minor,minor_field_6,text,1,,0.7,418.9,362.2,557.7,380.7
GS-001,guardian_minor,guardian_description,text,1,5. Reason for Guardianship,0.9,79.8,375.4,237.0,393.9
GS-001,guardian_minor,guardian_description_2,text,1,5. Reason for Guardianship,0.9,237.5,375.4,418.5,393.9
GS-001,guardian_minor,minor_field_7,text,1,,0.7,418.9,375.4,557.7,393.9
GS-001,guardian_minor,guardian_description_3,text,1,Describe the specific reason(s) why a guardianship is necessary:,0.9,43.3,527.8,558.1,546.3
GS-001,guardian_minor,guardian_description_4,text,1,Describe the specific reason(s) why a guardianship is necessary:,0.9,43.3,542.4,558.1,560.9
GS-001,guardian_minor,guardian_description_5,text,1,Describe the specific reason(s) why a guardianship is,0.9,43.3,556.8,558.1,575.3
GS-001,guardian_minor,guardian_description_6,text,1,Describe the specific reason(s) why a guardianship is,0.9,43.3,571.5,558.1,589.9
GS-001,guardian_minor,guardian_description_7,text,1,Describe the specific reason(s) why a guardianship is,0.9,43.3,586.1,558.1,604.6
GS-001,guardian_minor,guardian_description_8,text,1,Describe the specific reason(s) why a guardianship is,0.9,43.3,600.5,558.1,619.0
GS-001,guardian_minor,guardian_description_9,text,1,Describe the specific reason(s) why a guardianship is,0.9,43.3,615.1,558.1,633.6
GS-001,guardian_minor,guardian_description_10,text,1,Describe the specific reason(s) why a guardianship is,0.9,43.3,627.6,558.1,646.1
GS-001,guardian_minor,minor_field_8,text,1,,0.7,43.3,640.3,558.1,658.8
GS-001,guardian_minor,minor_field_9,text,1,,0.7,43.3,653.1,558.1,671.5
GS-001,guardian_minor,minor_field_10,text,1,,0.7,43.3,665.5,558.1,684.0
GS-001,guardian_minor,minor_please_attach_an_additional_page_if_nece,text,1,Please attach an additional page if necessary.,0.9,43.3,678.3,558.1,696.7
GS-001,guardian_minor,minor_please_attach_an_additional_page_if_nece_2,text,1,Please attach an additional page if necessary.,0.9,43.3,691.0,558.1,709.5
GS-001,guardian_minor,minor_middle_name_3,text,2,minor was present,0.9,43.3,82.6,558.1,101.1
GS-001,guardian_minor,minor_middle_name_4,text,2,minor was present,0.9,43.3,97.2,558.1,115.7
GS-001,guardian_minor,minor_middle_name_5,date,2,"During the past five years, the minor has lived at the",0.9,43.3,111.9,558.1,130.3
GS-001,guardian_minor,minor_middle_name_6,date,2,"During the past five years, the minor has lived at the",0.9,43.3,126.3,558.1,144.7
GS-001,guardian_minor,minor_middle_name_7,date,2,"During the past five years, the minor has lived at the",0.9,43.3,140.9,558.1,159.4
GS-001,guardian_minor,minor_full_name_10,text,2,7. The custodian(s) named above currently live at the following address(es):,0.9,43.3,155.3,558.1,173.8
GS-001,guardian_minor,minor_yes,text,2,"Yes,",0.9,112.5,587.5,558.1,606.0
GS-001,guardian_minor,minor_full_name_11,text,2,Name:,0.9,77.2,648.5,558.1,667.0
GS-001,guardian_minor,minor_dob_6,date,2,Date of Birth:,0.9,106.2,673.2,234.1,691.7
GS-001,guardian_minor,minor_address_street_15,text,2,Mailing Address:,0.9,124.5,712.3,558.1,730.8
GS-001,guardian_minor,minor_address_street_16,text,3,Physical Address:,0.9,126.9,29.8,558.1,48.3
GS-001,guardian_minor,minor_phone_6,text,3,Telephone:,0.9,97.3,54.0,234.1,72.5
GS-001,guardian_minor,minor_full_name_12,text,3,Name:,0.9,77.2,85.5,558.1,103.9
GS-001,guardian_minor,minor_dob_7,date,3,Date of Birth:,0.9,106.2,110.2,234.1,128.7
GS-001,guardian_minor,minor_address_street_17,text,3,Mailing Address:,0.9,124.5,149.5,558.1,168.0
GS-001,guardian_minor,minor_address_street_18,text,3,Physical Address:,0.9,126.9,173.5,558.1,192.0
GS-001,guardian_minor,minor_phone_7,text,3,Telephone:,0.9,97.3,197.8,234.1,216.3
GS-001,guardian_minor,minor_full_name_13,text,3,Name:,0.9,77.2,229.5,558.1,247.9
GS-001,guardian_minor,minor_dob_8,date,3,Date of Birth:,0.9,108.9,254.2,234.1,272.7
GS-001,guardian_minor,minor_address_street_19,text,3,Mailing Address:,0.9,121.6,293.3,558.1,311.8
GS-001,guardian_minor,minor_address_street_20,text,3,Physical Address:,0.9,126.9,317.5,558.1,336.0
GS-001,guardian_minor,minor_phone_8,text,3,Telephone:,0.9,97.3,341.8,234.1,360.3
GS-001,guardian_minor,parent_can_about_potential_fathers_and_any_prio,text,3,can about potential fathers and any prior paternity proceedings.,0.9,45.0,398.7,558.1,417.1
GS-001,guardian_minor,parent_can_about_potential_fathers_and_any_prio_2,text,3,can about potential fathers and any prior paternity proceedings.,0.9,45.0,411.1,558.1,429.6
GS-001,guardian_minor,minor_phone_9,text,3,Telephone:,0.9,45.0,423.9,558.1,442.3
GS-001,guardian_minor,minor_phone_10,text,3,Telephone:,0.9,45.0,436.6,558.1,455.1
GS-001,guardian_minor,minor_please_attach_an_additional_page_if_nece_3,text,3,( Please attach an additional page if necessary),0.9,45.0,449.1,558.1,467.5
GS-001,guardian_minor,minor_please_attach_an_additional_page_if_nece_4,text,3,( Please attach an additional page if necessary),0.9,45.0,461.8,558.1,480.3
GS-001,guardian_minor,minor_full_name_14,text,3,1. Name:,0.9,93.5,630.0,558.1,648.5
GS-001,guardian_minor,minor_address_street_21,text,3,Mailing Address:,0.9,139.8,654.7,558.1,673.2
GS-001,guardian_minor,minor_address_street_22,text,3,Physical Address:,0.9,145.1,678.7,558.1,697.2
GS-001,guardian_minor,minor_dob_9,date,3,Date of Birth:,0.9,127.1,703.0,270.1,721.5
GS-001,guardian_minor,minor_phone_11,text,3,Telephone:,0.9,115.6,721.9,270.1,740.4
GS-001,guardian_minor,minor_full_name_15,text,4,2. Name:,0.9,93.5,29.8,558.1,48.3
GS-001,guardian_minor,minor_address_street_23,text,4,Mailing Address:,0.9,142.7,54.3,558.1,72.7
GS-001,guardian_minor,minor_address_street_24,text,4,Physical Address:,0.9,145.1,78.5,558.1,97.0
GS-001,guardian_minor,minor_dob_10,date,4,Date of Birth:,0.9,127.1,102.7,270.1,121.2
GS-001,guardian_minor,minor_phone_12,text,4,Telephone:,0.9,112.7,121.7,270.1,140.2
GS-001,guardian_minor,minor_middle_name_8,text,5,"If yes, please attach a copy of the most recent administrative or court child support order, and provide the court",0.9,342.1,59.1,450.1,77.5
GS-001,guardian_minor,minor_description,text,5,"If yes, please describe reason(s) why:",0.9,43.3,168.5,522.1,187.0
GS-001,guardian_minor,minor_description_2,text,5,"If yes, please describe reason(s) why:",0.9,43.3,183.1,522.1,201.6
GS-001,guardian_minor,minor_description_3,text,5,"If yes, please describe reason(s) why:",0.9,43.3,197.5,522.1,216.0
GS-001,guardian_minor,minor_please_attach_an_additional_page_if_nece_5,text,5,Please attach an additional page if necessary.,0.9,43.3,212.2,522.1,230.7
GS-001,guardian_minor,minor_please_attach_an_additional_page_if_nece_6,text,5,Please attach an additional page if necessary.,0.9,43.3,226.8,522.1,245.3
GS-001,guardian_minor,minor_phone_13,text,5,Phone Number: _____________________________,0.7,54.9,430.9,454.9,453.2
GS-001,guardian_minor,minor_phone_14,text,5,Phone Number: _____________________________,0.7,54.1,547.8,454.1,570.6
GS-003,guardian_minor,guardian_full_name,text,0,5. Proposed Co-Guardian Name (if applicable):,0.9,241.4,319.4,450.2,337.9
GS-003,guardian_minor,guardian_middle_name,text,0,6. Proposed Guardian(s) Relationship to Minor:,0.9,245.4,344.6,450.2,363.1
GS-003,guardian_minor,minor_yes,radio,1,Yes,0.7,81.0,215.4,96.4,229.5
GS-003,guardian_minor,minor_notice_to_the_above_individuals_before_a,radio,1,notice to the above individuals before a hearing can be held on this motion?,0.7,43.7,216.0,58.5,228.9
GS-003,guardian_minor,minor_yes_2,text,1,Yes,0.9,43.3,223.8,558.2,242.3
GS-003,guardian_minor,minor_yes_3,text,1,Yes,0.9,43.3,236.6,558.2,255.1
GS-003,guardian_minor,minor_no_if_yes_please_describe_why_below,text,1,"No. If yes, please describe why below:",0.9,43.3,249.1,558.2,267.6
GS-003,guardian_minor,minor_please_attach_an_additional_page_if_nece,text,1,Please attach an additional page if necessary.,0.9,43.3,261.8,558.2,280.4
GS-003,guardian_minor,minor_please_attach_an_additional_page_if_nece_2,text,1,Please attach an additional page if necessary.,0.9,43.3,274.4,558.2,292.9
GS-003,guardian_minor,guardian_middle_name_2,radio,1,1. Appoint an emergency guardian for the minor for a term not to exceed 90 days;,0.7,61.7,344.6,77.1,360.0
GS-003,guardian_minor,minor_phone,text,1,Phone Number: _____________________________,0.7,54.8,457.3,454.8,485.5
GS-003,guardian_minor,minor_email,text,1,Email: ____________________________________,0.7,54.8,469.0,454.8,485.5
GS-003,guardian_minor,minor_phone_2,text,1,Phone Number: _____________________________,0.7,54.0,580.1,454.0,603.0
GS-006,guardian_minor,petitioner_welfare_act_notice_may_be_provided_orall,text,0,Welfare Act. Notice may be provided orally or in writing using the means that the petitioner believes in good faith is the most,0.9,434.4,201.6,576.2,220.1
GS-006,guardian_minor,petitioner_effective_way_to_ensure_actual_notice_th,text,0,effective way to ensure actual notice. The petitioner has provided notice to the following individual(s) and by the method(s) as,0.9,36.0,214.8,191.6,233.3
GS-006,guardian_minor,minor_full_name,text,0,Name,0.9,30.8,237.6,131.0,256.1
GS-006,guardian_minor,minor_address_street,text,0,Address,0.9,131.6,237.6,250.6,256.1
GS-006,guardian_minor,minor_phone,text,0,Phone Number,0.9,251.1,237.6,332.7,256.1
GS-006,guardian_minor,minor_method_of_service,text,0,Method of Service,0.9,333.1,237.6,433.4,256.1
GS-006,guardian_minor,minor_date_signed,date,0,"Date, Time, and",0.9,433.9,237.6,534.0,256.1
GS-006,guardian_minor,minor_full_name_2,text,0,Name,0.9,30.8,267.1,131.0,285.6
GS-006,guardian_minor,minor_address_street_2,text,0,Address,0.9,131.6,267.1,250.6,285.6
GS-006,guardian_minor,minor_phone_2,text,0,Phone Number,0.9,251.1,267.1,332.7,285.6
GS-006,guardian_minor,minor_location_of_notice,text,0,Location of Notice,0.9,333.1,267.1,433.4,285.6
GS-006,guardian_minor,minor_location_of_notice_2,text,0,Location of Notice,0.9,433.9,267.1,534.0,285.6
GS-006,guardian_minor,minor_follows,text,0,follows:,0.9,30.8,296.9,131.0,315.4
GS-006,guardian_minor,minor_follows_2,text,0,follows:,0.9,131.6,296.9,250.6,315.4
GS-006,guardian_minor,minor_follows_3,text,0,follows:,0.9,251.1,296.9,332.7,315.4
GS-006,guardian_minor,minor_follows_4,text,0,follows:,0.9,333.1,296.9,433.4,315.4
GS-006,guardian_minor,minor_follows_5,text,0,follows:,0.9,433.9,296.9,534.0,315.4
GS-006,guardian_minor,minor_follows_6,text,0,follows:,0.9,30.8,326.4,131.0,344.9
GS-006,guardian_minor,minor_follows_7,text,0,follows:,0.9,131.6,326.4,250.6,344.9
GS-006,guardian_minor,minor_follows_8,text,0,follows:,0.9,251.1,326.4,332.7,344.9
GS-006,guardian_minor,minor_follows_9,text,0,follows:,0.9,333.1,326.4,433.4,344.9
GS-006,guardian_minor,minor_follows_10,text,0,follows:,0.9,433.9,326.4,534.0,344.9
GS-006,guardian_minor,minor_field,text,0,,0.7,30.8,355.9,131.0,374.4
GS-006,guardian_minor,minor_field_2,text,0,,0.7,131.6,355.9,250.6,374.4
GS-006,guardian_minor,minor_field_3,text,0,,0.7,251.1,355.9,332.7,374.4
GS-006,guardian_minor,minor_field_4,text,0,,0.7,333.1,355.9,433.4,374.4
GS-006,guardian_minor,minor_field_5,text,0,,0.7,433.9,355.9,534.0,374.4
GS-006,guardian_minor,minor_full_name_3,text,0,I/We affirm that notice has been given to the above-named individuals and that the method of service is the most effective way to,0.9,30.8,385.6,131.0,404.1
GS-006,guardian_minor,minor_full_name_4,text,0,I/We affirm that notice has been given to the above-named individuals and that the method of service is the most effective way to,0.9,131.6,385.6,250.6,404.1
GS-006,guardian_minor,minor_full_name_5,text,0,I/We affirm that notice has been given to the above-named individuals and that the method of service is the most effective way to,0.9,251.1,385.6,332.7,404.1
GS-006,guardian_minor,minor_full_name_6,text,0,I/We affirm that notice has been given to the above-named individuals and that the method of service is the most effective way to,0.9,333.1,385.6,433.4,404.1
GS-006,guardian_minor,minor_full_name_7,text,0,I/We affirm that notice has been given to the above-named individuals and that the method of service is the most effective way to,0.9,433.9,385.6,534.0,404.1
GS-006,guardian_minor,minor_phone_3,text,0,Phone Number: _____________________________,0.7,36.0,631.6,436.0,654.5
GS-007,guardian_minor,minor_interim,checkbox,0,Interim,0.7,396.2,143.8,406.4,154.0
GS-007,guardian_minor,minor_interim_2,checkbox,0,Interim,0.7,456.0,143.8,466.2,154.0
GS-007,guardian_minor,guardian_middle_name,radio,0,2. A petition to appoint a guardian for my minor child is currently pending. I wish to CONSENT to the,0.7,499.0,199.8,508.5,209.3
GS-007,guardian_minor,guardian_middle_name_2,radio,0,2. A petition to appoint a guardian for my minor child is currently pending. I wish to CONSENT to the,0.7,46.0,211.8,55.5,221.3
GS-007,guardian_minor,minor_yes,radio,0,Yes,0.7,482.7,229.6,492.2,239.1
GS-007,guardian_minor,minor_no,radio,0,No,0.7,532.2,229.6,541.7,239.1
GS-007,guardian_minor,minor_yes_2,radio,0,Yes,0.7,482.7,259.6,492.2,269.1
GS-007,guardian_minor,minor_no_2,radio,0,No,0.7,532.2,259.6,541.7,269.1
GS-007,guardian_minor,minor_yes_3,radio,0,Yes,0.7,482.7,301.6,492.2,311.1
GS-007,guardian_minor,minor_no_3,radio,0,No,0.7,532.2,301.6,541.7,311.1
GS-007,guardian_minor,minor_yes_4,radio,0,Yes,0.7,482.7,355.6,492.2,365.1
GS-007,guardian_minor,minor_no_4,radio,0,No,0.7,532.2,355.6,541.7,365.1
GS-007,guardian_minor,minor_yes_5,radio,0,Yes,0.7,482.7,385.4,492.2,394.9
GS-007,guardian_minor,minor_no_5,radio,0,No,0.7,532.2,385.4,544.5,397.6
GS-007,guardian_minor,minor_yes_6,radio,0,Yes,0.7,482.7,427.4,493.0,437.6
GS-007,guardian_minor,minor_no_6,radio,0,No,0.7,532.2,427.4,544.5,439.6
GS-007,guardian_minor,minor_phone,text,0,Telephone: ______________________________,0.7,342.1,554.2,572.0,596.0
GS-007,guardian_minor,minor_email,text,0,Email: ________________________________,0.7,45.0,568.5,445.0,609.0
GS-007,guardian_minor,minor_email_2,text,0,Email: ________________________________,0.7,342.1,568.5,572.0,596.0
GS-008,guardian_minor,minor_i_agree_to_be_the_appointed,text,0,I agree to be the appointed,0.7,72.0,241.5,472.0,261.2
GS-008,guardian_minor,court_no_more_than_six_6_months_or_pending_the,checkbox,0,"No more than six (6) months or pending the court’s final order, unless agreed to by the",0.7,126.8,358.6,136.2,369.1
GS-008,guardian_minor,minor_phone,text,0,Phone Number : _______________________________,0.7,306.0,563.7,572.0,599.3
GS-008,guardian_minor,minor_email,text,0,Email : _______________________________________,0.7,306.0,576.3,572.0,599.3
GS-009,guardian_minor,minor_petition_for_check_one,radio,0,PETITION FOR: (Check one),0.7,343.1,138.0,355.4,150.3
GS-009,guardian_minor,guardian_modification_of_guardianship,checkbox,0,MODIFICATION OF GUARDIANSHIP,0.7,379.1,152.8,391.4,165.0
GS-009,guardian_minor,guardian_middle_name,radio,0,TERMINATION OF GUARDIANSHIP,0.7,343.1,167.5,355.4,179.8
GS-009,guardian_minor,guardian_signature,radio,0,RESIGNATION OF GUARDIAN,0.7,343.1,182.0,355.4,194.3
GS-009,guardian_minor,guardian_signature_2,radio,0,RESIGNATION OF GUARDIAN,0.7,342.9,196.8,355.1,209.1
GS-009,guardian_minor,petitioner_petitioner_information,text,0,Petitioner Information:,0.9,90.1,242.1,200.6,261.1
GS-009,guardian_minor,petitioner_2_petitioner_is,checkbox,0,2. Petitioner is:,0.7,44.3,397.6,56.5,409.9
GS-009,guardian_minor,guardian_guardian_of_the_minor,checkbox,0,Guardian of the minor;,0.7,44.3,412.4,56.5,424.6
GS-009,guardian_minor,minor_parent_of_the_minor,checkbox,0,Parent of the minor;,0.7,44.3,427.1,56.5,439.4
GS-009,guardian_minor,minor_a_person_interested_in_the_welfare_of_th,checkbox,0,"A person interested in the welfare of the minor, specifically: ___________________________________;",0.7,44.3,441.6,56.5,453.9
GS-009,guardian_minor,minor_middle_name,text,0,Minor Information:,0.9,90.1,461.6,184.1,480.6
GS-009,guardian_minor,minor_full_name,text,1,NAME,0.9,74.0,191.8,231.4,210.3
GS-009,guardian_minor,minor_address_street,text,1,ADDRESS,0.9,231.9,191.8,412.7,210.3
GS-009,guardian_minor,minor_relationship,text,1,RELATIONSHIP,0.9,413.2,191.8,552.0,210.3
GS-009,guardian_minor,minor_full_name_2,text,1,NAME,0.9,74.0,204.8,231.4,223.3
GS-009,guardian_minor,minor_address_street_2,text,1,ADDRESS,0.9,231.9,204.8,412.7,223.3
GS-009,guardian_minor,minor_relationship_2,text,1,RELATIONSHIP,0.9,413.2,204.8,552.0,223.3
GS-009,guardian_minor,minor_full_name_3,text,1,NAME,0.9,74.0,218.1,231.4,236.6
GS-009,guardian_minor,minor_address_street_3,text,1,ADDRESS,0.9,231.9,218.1,412.7,236.6
GS-009,guardian_minor,minor_relationship_3,text,1,RELATIONSHIP,0.9,413.2,218.1,552.0,236.6
GS-009,guardian_minor,minor_full_name_4,text,1,NAME,0.9,74.0,231.1,231.4,249.6
GS-009,guardian_minor,minor_address_street_4,text,1,ADDRESS,0.9,231.9,231.1,412.7,249.6
GS-009,guardian_minor,minor_relationship_4,text,1,RELATIONSHIP,0.9,413.2,231.1,552.0,249.6
GS-009,guardian_minor,minor_field,text,1,,0.7,74.0,244.3,231.4,262.8
GS-009,guardian_minor,minor_field_2,text,1,,0.7,231.9,244.3,412.7,262.8
GS-009,guardian_minor,minor_field_3,text,1,,0.7,413.2,244.3,552.0,262.8
GS-009,guardian_minor,minor_field_4,text,1,,0.7,74.0,257.6,231.4,276.1
GS-009,guardian_minor,minor_field_5,text,1,,0.7,231.9,257.6,412.7,276.1
GS-009,guardian_minor,minor_field_6,text,1,,0.7,413.2,257.6,552.0,276.1
GS-009,guardian_minor,petitioner_5_petitioner_believes_check_where_applic,text,1,5. Petitioner believes: (check where applicable),0.9,74.0,270.6,231.4,289.1
GS-009,guardian_minor,petitioner_5_petitioner_believes_check_where_applic_2,text,1,5. Petitioner believes: (check where applicable),0.9,231.9,270.6,412.7,289.1
GS-009,guardian_minor,minor_field_7,text,1,,0.7,413.2,270.6,552.0,289.1
GS-009,guardian_minor,guardian_the_guardianship_should_be_modified_unle,text,1,"The guardianship should be modified. Unless you are seeking to modify only child support, you must attach",0.9,252.9,309.1,484.0,327.6
GS-009,guardian_minor,minor_a,checkbox,1,a.,0.7,55.0,315.4,67.3,327.6
GS-009,guardian_minor,guardian_middle_name_2,radio,1,Please select in what way the Order Appointing Guardian of Minor should be modified:,0.7,46.0,380.6,58.3,392.9
GS-009,guardian_minor,minor_was_issued,radio,1,was issued.,0.7,46.0,420.6,58.3,432.9
GS-009,guardian_minor,minor_b,radio,1,b.,0.7,55.0,536.4,67.3,548.7
GS-009,guardian_minor,minor_c,radio,1,c.,0.7,55.0,576.4,67.3,588.7
GS-009,guardian_minor,minor_d,checkbox,1,d.,0.7,55.0,616.5,67.3,628.7
GS-009,guardian_minor,guardian_6_the_court_may_appoint_an_additional_gu,checkbox,1,"6. The Court may appoint an additional guardian at any time, to serve immediately or upon a designated event.",0.7,311.4,669.0,323.6,681.2
GS-009,guardian_minor,minor_yes,checkbox,1,Yes,0.7,351.4,669.0,363.6,681.2
GS-009,guardian_minor,guardian_additional_guardian_is_necessary,text,1,additional guardian is necessary,0.7,43.3,709.9,443.3,728.3
GS-009,guardian_minor,guardian_successor_guardian_necessary,checkbox,2,successor guardian necessary?,0.7,190.1,188.8,202.3,201.1
GS-009,guardian_minor,minor_yes_2,checkbox,2,Yes,0.7,227.4,188.8,239.6,201.1
GS-009,guardian_minor,guardian_middle_name_3,radio,2,"8. At the time of the guardian’s appointment, was an attorney or a guardian ad litem appointed for the minor?",0.7,44.3,380.6,56.5,392.9
GS-009,guardian_minor,minor_yes_3,radio,2,Yes,0.7,84.3,380.6,96.6,392.9
GS-009,guardian_minor,minor_9_will_the_minor_attend_the_hearing,checkbox,2,9. Will the minor attend the hearing?,0.7,210.6,445.9,222.9,458.1
GS-009,guardian_minor,minor_yes_4,checkbox,2,Yes,0.7,250.6,445.9,262.9,458.1
GS-009,guardian_minor,minor_10_indian_child_welfare_act_s_elect_one_,radio,2,10. Indian Child Welfare Act. (S elect one of the following ),0.7,44.3,548.9,54.5,559.2
GS-009,guardian_minor,petitioner_middle_name,radio,2,"b. The petitioner knows, or has reason to believe, that the minor child (1) is a member of an Indian tribe, or (2) is",0.7,44.3,586.9,54.5,597.2
GS-009,guardian_minor,minor_full_name_5,text,2,Name of tribe:,0.9,124.1,604.7,522.2,623.2
GS-009,guardian_minor,petitioner_middle_name_2,text,2,PLEASE NOTE: The petitioner(s) must provide notice of this petition to the minor child’s,0.9,126.1,617.5,202.6,636.5
GS-009,guardian_minor,petitioner_c_the_petitioner_s_at_the_time_of_this_p,checkbox,3,"c. The petitioner(s), at the time of this petition do(es) not yet know if there is reason to believe the minor child is",0.7,44.3,37.0,54.5,47.3
GS-009,guardian_minor,petitioner_11_requests_for_order_s_petitioner_reque,radio,3,11. REQUESTS FOR ORDER(S). Petitioner requests the following:,0.7,55.0,100.3,67.3,112.5
GS-009,guardian_minor,guardian_a_judicial_finding_and_order_that_this_g,radio,3,A judicial finding and order that this guardianship be modified;,0.7,55.0,114.8,67.3,127.0
GS-009,guardian_minor,guardian_middle_name_4,radio,3,A judicial finding and order that this guardianship be terminated;,0.7,55.0,129.5,67.3,141.8
GS-009,guardian_minor,guardian_a_judicial_finding_and_order_that_the_cu,radio,3,A judicial finding and order that the current guardian be removed;,0.7,55.0,144.0,67.3,156.3
GS-009,guardian_minor,guardian_signature_3,radio,3,A judicial finding and order that the current guardian’s resignation be accepted;,0.7,55.0,158.8,67.3,171.0
GS-009,guardian_minor,guardian_that_the_court_appoint_an_additional_gua,checkbox,3,That the Court appoint an additional guardian; and/or,0.7,55.0,173.5,67.3,185.8
GS-009,guardian_minor,minor_phone,text,3,Phone Number: _____________________________,0.7,49.3,285.3,449.3,313.7
GS-009,guardian_minor,minor_email,text,3,Email: ____________________________________,0.7,49.3,297.0,449.3,313.7
GS-009,guardian_minor,minor_email_2,text,3,Email: _____________________________________,0.7,45.0,419.5,445.0,457.2
GS-012,guardian_minor,minor_because,text,0,because:,0.9,101.0,437.0,558.0,455.5
GS-012,guardian_minor,minor_because_2,text,0,because:,0.9,101.0,449.8,558.0,468.2
GS-012,guardian_minor,guardian_middle_name,text,0,Request that the Court appoint a different person to be my guardian. I nominate the following person,0.9,101.0,462.5,558.0,481.0
GS-014,guardian_minor,minor_dob,date,0,Date of birth: ____________________,0.7,378.0,236.4,572.0,261.5
GS-014,guardian_minor,minor_remained_about_the_same,radio,0,remained about the same.,0.7,90.8,448.4,99.3,457.1
GS-014,guardian_minor,minor_remained_about_the_same_2,radio,0,remained about the same.,0.7,90.8,465.3,99.3,474.0
GS-014,guardian_minor,minor_full_name,text,0,"Other: ____________________. Name, address, and phone number: __________________________",0.7,100.0,668.7,500.0,694.2
GS-014,guardian_minor,minor_are_those_needs_being_met,checkbox,1,Are those needs being met?,0.7,215.1,184.1,223.6,192.8
GS-014,guardian_minor,minor_yes,checkbox,1,Yes,0.7,247.7,184.1,256.2,192.8
GS-014,guardian_minor,parent_legal_parent_1,text,1,Legal Parent 1,0.9,54.5,253.1,134.8,271.6
GS-014,guardian_minor,parent_legal_parent_1_2,text,1,Legal Parent 1,0.9,135.2,253.1,283.3,271.6
GS-014,guardian_minor,parent_legal_parent_2,text,1,Legal Parent 2,0.9,283.8,253.1,431.6,271.6
GS-014,guardian_minor,parent_legal_parent_3_if,text,1,Legal Parent 3 (if,0.9,432.1,253.1,562.3,271.6
GS-014,guardian_minor,minor_full_name_2,text,1,Name,0.9,54.5,282.6,134.8,301.1
GS-014,guardian_minor,parent_legal_parent_1_3,text,1,Legal Parent 1,0.9,135.2,282.6,283.3,301.1
GS-014,guardian_minor,minor_applicable,text,1,applicable),0.9,283.8,282.6,431.6,301.1
GS-014,guardian_minor,minor_applicable_2,text,1,applicable),0.9,432.1,282.6,562.3,301.1
GS-014,guardian_minor,minor_full_name_3,text,1,Name,0.9,54.5,297.7,134.8,316.2
GS-014,guardian_minor,minor_address_street,text,1,Address,0.9,135.2,297.7,283.3,316.2
GS-014,guardian_minor,minor_full_name_4,text,1,"If known, provide the names, addresses, and phone of the",0.9,283.8,297.7,431.6,316.2
GS-014,guardian_minor,minor_applicable_3,text,1,applicable),0.9,432.1,297.7,562.3,316.2
GS-014,guardian_minor,minor_phone,text,1,Phone,0.9,54.5,327.2,134.8,345.7
GS-014,guardian_minor,minor_phone_2,text,1,Phone,0.9,135.2,327.2,283.3,345.7
GS-014,guardian_minor,minor_full_name_5,text,1,"If known, provide the names, addresses, and phone of the",0.9,283.8,327.2,431.6,345.7
GS-014,guardian_minor,minor_full_name_6,text,1,"If known, provide the names, addresses, and phone of the",0.9,432.1,327.2,562.3,345.7
GS-014,guardian_minor,minor_phone_3,text,1,Phone,0.9,54.5,342.4,134.8,360.8
GS-014,guardian_minor,minor_middle_name,text,1,Has the minor had contact with the parent(s)?,0.9,135.2,342.4,283.3,360.8
GS-014,guardian_minor,minor_middle_name_2,text,1,Has the minor had contact with the parent(s)?,0.9,283.8,342.4,431.6,360.8
GS-014,guardian_minor,minor_no_if_yes_provide_information_on_the_fre,text,1,"No. If yes, provide information on the frequency",0.9,432.1,342.4,562.3,360.8
GS-014,guardian_minor,minor_has_the_minor_had_contact_with_the_paren,checkbox,1,Has the minor had contact with the parent(s)?,0.7,294.2,378.0,302.7,386.7
GS-014,guardian_minor,minor_yes_2,checkbox,1,Yes,0.7,329.5,378.0,338.1,386.7
GS-014,guardian_minor,minor_have_the_parents_been_involved_in_decisi,checkbox,1,Have the parents been involved in decision making for the minor?,0.7,384.3,482.2,392.8,490.9
GS-014,guardian_minor,minor_yes_3,checkbox,1,Yes,0.7,419.7,482.2,428.2,490.9
GS-014,guardian_minor,minor_have_the_parents_been_providing_financia,checkbox,1,Have the parents been providing financial support for the minor?,0.7,379.1,571.7,387.6,580.4
GS-014,guardian_minor,minor_yes_4,checkbox,1,Yes,0.7,414.5,571.7,423.0,580.4
GS-014,guardian_minor,minor_amount,currency,2,Amount,0.9,90.5,76.2,246.0,94.7
GS-014,guardian_minor,minor_source_of_funds,text,2,Source of funds,0.9,246.5,76.2,401.5,94.7
GS-014,guardian_minor,minor_purpose_of_funds,text,2,Purpose of funds,0.9,402.0,76.2,557.5,94.7
GS-014,guardian_minor,minor_amount_2,currency,2,Amount,0.9,90.5,91.2,246.0,109.7
GS-014,guardian_minor,minor_source_of_funds_2,text,2,Source of funds,0.9,246.5,91.2,401.5,109.7
GS-014,guardian_minor,minor_purpose_of_funds_2,text,2,Purpose of funds,0.9,402.0,91.2,557.5,109.7
GS-014,guardian_minor,minor_amount_3,currency,2,Amount,0.9,90.5,106.3,246.0,124.8
GS-014,guardian_minor,minor_source_of_funds_3,text,2,Source of funds,0.9,246.5,106.3,401.5,124.8
GS-014,guardian_minor,minor_purpose_of_funds_3,text,2,Purpose of funds,0.9,402.0,106.3,557.5,124.8
GS-014,guardian_minor,court_reported_to_the_court,text,2,reported to the court:,0.9,90.5,121.3,246.0,139.8
GS-014,guardian_minor,court_reported_to_the_court_2,text,2,reported to the court:,0.9,246.5,121.3,401.5,139.8
GS-014,guardian_minor,court_reported_to_the_court_3,text,2,reported to the court:,0.9,402.0,121.3,557.5,139.8
GS-014,guardian_minor,court_reported_to_the_court_4,text,2,reported to the court:,0.9,90.5,136.3,246.0,154.8
GS-014,guardian_minor,court_reported_to_the_court_5,text,2,reported to the court:,0.9,246.5,136.3,401.5,154.8
GS-014,guardian_minor,court_reported_to_the_court_6,text,2,reported to the court:,0.9,402.0,136.3,557.5,154.8
GS-014,guardian_minor,minor_please_attach_an_additional_page_if_nece,text,2,Please attach an additional page if necessary.,0.9,90.5,151.4,246.0,169.9
GS-014,guardian_minor,minor_please_attach_an_additional_page_if_nece_2,text,2,Please attach an additional page if necessary.,0.9,246.5,151.4,401.5,169.9
GS-014,guardian_minor,court_reported_to_the_court_7,text,2,reported to the court:,0.9,402.0,151.4,557.5,169.9
GS-014,guardian_minor,minor_please_attach_an_additional_page_if_nece_3,text,2,Please attach an additional page if necessary.,0.9,90.5,166.4,246.0,184.9
GS-014,guardian_minor,minor_please_attach_an_additional_page_if_nece_4,text,2,Please attach an additional page if necessary.,0.9,246.5,166.4,401.5,184.9
GS-014,guardian_minor,minor_please_attach_an_additional_page_if_nece_5,text,2,Please attach an additional page if necessary.,0.9,402.0,166.4,557.5,184.9
GS-016,guardian_minor,court_county,text,0,County:,0.9,92.2,72.5,217.0,91.0
GS-016,guardian_minor,minor_location,text,0,Location:,0.9,445.9,72.5,563.5,91.0
GS-016,guardian_minor,case_number,text,0,Docket No.,0.9,108.7,86.4,217.0,104.9
GS-016,guardian_minor,case_number_2,text,0,Docket No.,0.9,455.3,86.4,561.8,104.9
GS-016,guardian_minor,minor_in_re,text,0,IN RE:,0.9,95.0,114.0,254.2,132.5
GS-016,guardian_minor,minor_full_name,text,0,Name,0.9,53.5,184.6,560.4,203.3
GS-016,guardian_minor,minor_full_name_2,text,0,Name,0.9,95.8,197.8,296.6,216.2
GS-016,guardian_minor,minor_dob,date,0,Date of birth,0.9,392.2,197.8,541.0,216.2
GS-016,guardian_minor,minor_address_street,text,0,Address,0.9,103.4,237.1,541.2,255.6
GS-016,guardian_minor,minor_address_street_2,text,0,(street),0.9,53.5,250.8,560.4,269.5
GS-016,guardian_minor,minor_address_street_3,text,0,Address:,0.9,100.6,319.0,465.8,337.4
GS-016,guardian_minor,minor_last_name,date,0,A.  How much did you earn last year ?  $,0.9,270.5,374.2,361.0,392.6
GS-016,guardian_minor,minor_amount,currency,0,Salary and wages (gross pay) $,0.9,210.2,401.8,265.2,420.2
GS-016,guardian_minor,minor_other,text,0,other,0.9,492.0,401.8,559.0,420.2
GS-016,guardian_minor,minor_amount_2,currency,0,(1B) $,0.9,467.0,455.0,554.4,473.5
GS-016,guardian_minor,minor_date,date,0,Expected this year,0.9,295.9,522.2,376.8,540.7
GS-016,guardian_minor,minor_date_2,date,0,Expected this year,0.9,295.9,536.2,376.8,554.6
GS-016,guardian_minor,minor_ssn,text,0,Social Security,0.9,295.9,549.8,376.8,568.3
GS-016,guardian_minor,minor_pension_or_annuity,text,0,Pension or annuity,0.9,295.9,563.8,376.8,582.2
GS-016,guardian_minor,minor_spousal_support_alimony,text,0,Spousal support (alimony),0.9,295.9,577.4,376.8,595.9
GS-016,guardian_minor,minor_rental_or_mortgage_income,text,0,Rental or mortgage income,0.9,295.9,591.4,376.8,609.8
GS-016,guardian_minor,minor_rental_or_mortgage_income_2,text,0,Rental or mortgage income,0.9,295.9,605.0,376.8,623.5
GS-016,guardian_minor,minor_middle_name,text,0,Commissions/tips,0.9,295.9,619.0,376.8,637.4
GS-016,guardian_minor,minor_amount_3,currency,0,Total :,0.9,295.9,632.6,376.8,651.1
GS-016,guardian_minor,minor_other_2,text,0,Other,0.9,140.4,646.6,269.3,665.0
GS-016,guardian_minor,minor_amount_4,currency,0,Total :,0.9,295.9,646.6,376.8,665.0
GS-016,guardian_minor,minor_amount_5,currency,0,(2) $,0.9,456.0,660.2,555.8,678.7
GS-016,guardian_minor,minor_phone,currency,0,"that reduce your living expenses  (car, housing, cell phone, meals, etc.) (3) $",0.9,456.0,715.4,555.8,733.9
GS-016,guardian_minor,minor_amount_6,currency,1,(4) $,0.9,456.0,31.2,559.0,49.7
GS-016,guardian_minor,minor_amount_7,currency,1,(5) $,0.9,456.0,110.4,559.0,128.9
GS-016,guardian_minor,minor_full_name_3,text,1,Name of child,0.9,73.0,122.9,172.1,141.4
GS-016,guardian_minor,minor_to_whom_paid,text,1,To whom paid,0.9,190.1,122.9,284.4,141.4
GS-016,guardian_minor,minor_amount_8,currency,1,Amount,0.9,302.4,122.9,377.5,141.4
GS-016,guardian_minor,minor_6_weekly_health_insurance_cost,text,1,6. WEEKLY HEALTH INSURANCE COST,0.9,73.0,134.9,171.8,153.4
GS-016,guardian_minor,minor_6_weekly_health_insurance_cost_2,text,1,6. WEEKLY HEALTH INSURANCE COST,0.9,190.1,134.9,284.4,153.4
GS-016,guardian_minor,minor_amount_9,currency,1,Amount,0.9,302.4,134.9,374.4,153.4
GS-016,guardian_minor,minor_amount_10,currency,1,A. Cost of health insurance for yourself only. $,0.9,304.3,189.6,379.2,208.1
GS-016,guardian_minor,minor_amount_11,currency,1,(6B) $,0.9,463.9,203.3,559.0,221.8
GS-016,guardian_minor,minor_amount_12,currency,1,(7) $,0.9,456.0,270.7,559.0,289.2
GS-016,guardian_minor,minor_amount_13,currency,1,(8) $,0.9,456.0,336.2,559.0,354.7
GS-016,guardian_minor,minor_full_name_4,currency,1,Name of child                 Reason for expense           Amount,0.9,73.0,348.7,175.0,367.2
GS-016,guardian_minor,minor_full_name_5,currency,1,Name of child                 Reason for expense           Amount,0.9,190.1,348.7,286.1,367.2
GS-016,guardian_minor,minor_full_name_6,currency,1,Name of child                 Reason for expense           Amount,0.9,301.0,348.7,375.8,367.2
GS-016,guardian_minor,minor_9_other_children_in_your_home,text,1,9. OTHER CHILDREN IN YOUR HOME,0.9,73.0,360.7,175.0,379.2
GS-016,guardian_minor,minor_9_other_children_in_your_home_2,text,1,9. OTHER CHILDREN IN YOUR HOME,0.9,190.1,360.7,286.1,379.2
GS-016,guardian_minor,minor_full_name_7,currency,1,Name of child                 Reason for expense           Amount,0.9,301.0,360.7,375.8,379.2
GS-016,guardian_minor,minor_full_name_8,date,1,Name of child     Date of birth     Relationship to you        Name of child,0.9,73.0,441.1,139.0,459.6
GS-016,guardian_minor,minor_full_name_9,date,1,Name of child     Date of birth     Relationship to you        Name of child,0.9,145.0,441.1,196.1,459.6
GS-016,guardian_minor,minor_full_name_10,date,1,Name of child     Date of birth     Relationship to you        Name of child,0.9,211.0,441.1,301.0,459.6
GS-016,guardian_minor,minor_full_name_11,date,1,Name of child     Date of birth     Relationship to you        Name of child,0.9,311.5,441.1,379.0,459.6
GS-016,guardian_minor,minor_dob_2,date,1,Date of birth,0.9,397.0,441.1,451.0,459.6
GS-016,guardian_minor,minor_relationship,text,1,Relationship to you,0.9,469.0,441.1,559.0,459.6
GS-016,guardian_minor,minor_10_other_information_check_all_that_appl,text,1,10. OTHER INFORMATION ( check all that apply ),0.9,73.0,455.0,139.0,473.5
GS-016,guardian_minor,minor_10_other_information_check_all_that_appl_2,text,1,10. OTHER INFORMATION ( check all that apply ),0.9,145.0,455.0,196.1,473.5
GS-016,guardian_minor,minor_10_other_information_check_all_that_appl_3,text,1,10. OTHER INFORMATION ( check all that apply ),0.9,211.0,455.0,301.0,473.5
GS-016,guardian_minor,minor_10_other_information_check_all_that_appl_4,text,1,10. OTHER INFORMATION ( check all that apply ),0.9,311.5,455.0,379.0,473.5
GS-016,guardian_minor,minor_dob_3,date,1,Date of birth,0.9,397.0,455.0,451.0,473.5
GS-016,guardian_minor,minor_relationship_2,text,1,Relationship to you,0.9,469.0,455.0,556.8,473.5
GS-016,guardian_minor,minor_amount_14,currency,1,Other benefits received on behalf of the child and amount (such as adoption subsidies):,0.9,73.0,510.2,541.9,528.7
GS-016,guardian_minor,minor_amount_15,currency,1,Other facts you think the court should know that may affect the amount of child support ordered:,0.9,73.0,524.2,541.9,542.6
GS-016,guardian_minor,minor_amount_16,currency,1,Other facts you think the court should know that may affect the amount of child support ordered:,0.9,73.0,551.8,543.8,570.2
GS-016,guardian_minor,minor_amount_17,currency,1,Other facts you think the court should know that may affect the amount of child support ordered:,0.9,73.0,565.4,543.8,583.9
GS-016,guardian_minor,minor_11_assets_and_debts,text,1,11. ASSETS AND DEBTS,0.9,73.0,579.4,541.9,597.8
GS-016,guardian_minor,estate_address_state,currency,1,Real estate  $,0.9,137.3,634.6,253.0,653.0
GS-016,guardian_minor,minor_amount_18,currency,1,Cash/bank accounts $,0.9,180.5,648.2,253.0,666.7
GS-016,guardian_minor,minor_amount_19,currency,1,Retirement plans/IRAs/401(k)s/pensions/annuities   $,0.9,331.0,662.2,559.0,680.6
GS-016,guardian_minor,minor_amount_20,currency,1,Other (such as a business interest or life insurance)  $,0.9,331.0,675.8,559.0,694.3
GS-016,guardian_minor,minor_amount_21,currency,1,Mortgages $                      Loans $                        Credit Cards $                     Other $,0.9,136.3,703.4,196.3,721.9
GS-016,guardian_minor,minor_amount_22,currency,1,Mortgages $                      Loans $                        Credit Cards $                     Other $,0.9,240.7,703.4,306.7,721.9
GS-016,guardian_minor,minor_amount_23,currency,1,Mortgages $                      Loans $                        Credit Cards $                     Other $,0.9,382.6,703.4,439.7,721.9
GS-016,guardian_minor,minor_amount_24,currency,1,Mortgages $                      Loans $                        Credit Cards $                     Other $,0.9,478.8,703.4,544.8,721.9
GS-016,guardian_minor,minor_date_signed,date,2,Date:,0.9,84.0,72.5,206.9,91.0
GS-016,guardian_minor,minor_signature,text,2,Signature,0.9,361.0,72.5,559.0,91.0
GS-016,guardian_minor,court_county_2,text,2,COUNTY,0.9,63.8,127.9,165.6,146.4
GS-016,guardian_minor,minor_full_name_12,text,2,"Personally appeared the above named,                                                                          , and made oath that",0.9,235.7,157.0,436.3,175.4
GS-016,guardian_minor,minor_date_signed_2,date,2,Date:,0.9,90.5,229.7,181.0,248.2
GS-016,guardian_minor,attorney_attorney_at_law_notary_public_register_c,text,2,Attorney at Law / Notary Public / Register / Clerk,0.9,253.0,229.7,541.0,248.2
GS-021,guardian_minor,minor_pursuant_to_the_indian_child_welfare_act,checkbox,0,PURSUANT TO THE INDIAN CHILD WELFARE ACT,0.7,401.7,143.8,411.9,154.0
GS-021,guardian_minor,minor_interim,checkbox,0,Interim,0.7,461.5,143.8,471.7,154.0
GS-021,guardian_minor,guardian_2_a_petition_to_appoint_a_guardian_for_m,checkbox,0,2. A petition to appoint a guardian for my minor child is currently pending. I wish to CONSENT to the,0.7,499.0,225.1,508.5,234.6
GS-021,guardian_minor,guardian_2_a_petition_to_appoint_a_guardian_for_m_2,checkbox,0,2. A petition to appoint a guardian for my minor child is currently pending. I wish to CONSENT to the,0.7,46.0,237.1,55.5,246.6
GS-021,guardian_minor,minor_yes,radio,0,Yes,0.7,511.0,357.4,520.5,366.9
GS-021,guardian_minor,minor_no,radio,0,No,0.7,554.0,357.4,563.5,366.9
GS-021,guardian_minor,minor_yes_2,radio,0,Yes,0.7,511.0,387.1,520.5,396.6
GS-021,guardian_minor,minor_no_2,radio,0,No,0.7,554.0,387.1,563.5,396.6
GS-021,guardian_minor,minor_yes_3,radio,0,Yes,0.7,511.0,429.1,520.5,438.6
GS-021,guardian_minor,minor_no_3,radio,0,No,0.7,554.0,429.1,563.5,438.6
GS-021,guardian_minor,minor_yes_4,radio,0,Yes,0.7,511.0,483.1,520.5,492.6
GS-021,guardian_minor,minor_no_4,radio,0,No,0.7,554.0,483.1,563.5,492.6
GS-021,guardian_minor,minor_yes_5,radio,0,Yes,0.7,511.0,513.2,520.5,522.7
GS-021,guardian_minor,minor_no_5,radio,0,No,0.7,554.0,513.2,564.2,523.4
GS-021,guardian_minor,minor_yes_6,radio,0,Yes,0.7,511.0,555.2,521.2,565.4
GS-021,guardian_minor,minor_no_6,radio,0,No,0.7,554.0,555.2,564.2,565.4
GS-021,guardian_minor,minor_full_name,text,0,Personally appeared the above-named,0.9,208.6,652.5,378.2,671.0
MISC-101,miscellaneous,case_number,text,0,DOCKET NO.,0.9,422.5,125.0,540.0,143.5
MISC-101,miscellaneous,petitioner_in_re,text,0,IN RE:,0.9,108.0,159.5,236.0,178.0
MISC-101,miscellaneous,petitioner_motion_for,text,0,MOTION FOR,0.9,424.4,159.5,540.0,178.0
MISC-101,miscellaneous,petitioner_motion_for_2,text,0,MOTION FOR,0.9,360.0,173.0,540.0,191.6
MISC-101,miscellaneous,petitioner_full_name,text,0,"Name, address, email address and telephone number of person filing motion",0.7,106.2,216.0,506.2,233.1
MISC-101,miscellaneous,petitioner_relationship,text,0,I file the motion based on the following relationship I have with person referenced above,0.7,106.2,250.5,506.2,279.0
MISC-101,miscellaneous,petitioner_description,text,0,I file this Motion to Continue for the following reason(s),0.7,144.0,411.5,544.0,440.1
MISC-101,miscellaneous,petitioner_description_2,text,0,explained here,0.7,143.3,553.1,543.3,593.1
MISC-101,miscellaneous,petitioner_date_signed,date,0,Date:,0.9,108.0,577.1,216.0,595.6
MISC-101,miscellaneous,petitioner_full_name_2,text,0,Movant’s Name,0.9,360.0,577.1,540.0,595.6
MISC-101,miscellaneous,petitioner_i,text,1,"I,",0.9,116.3,109.0,254.5,127.4
MISC-101,miscellaneous,petitioner_address_street,text,1,Mailing Address (including zip code),0.9,288.0,166.4,438.0,184.9
MISC-101,miscellaneous,petitioner_date_signed_2,date,1,Date:,0.9,93.6,258.4,252.0,276.8
MISC-101,miscellaneous,attorney_signature,text,1,Movant’s Signature or Attorney (if any),0.9,360.0,258.4,540.0,276.8
MISC-101,miscellaneous,petitioner_date_signed_3,date,1,Date:,0.9,98.6,467.2,180.0,485.6
MISC-101,miscellaneous,petitioner_1_see_m_r_prob_p_40_b_as_governed_by_m_r,text,1,"1 See M.R.Prob.P. 40 (b), as governed by M.R.Civ.P. 40(c)",0.9,72.0,678.7,216.0,697.3
MISC-102,miscellaneous,case_number,text,0,DOCKET NO.,0.9,422.5,125.0,540.0,143.5
MISC-102,miscellaneous,petitioner_in_re,text,0,IN RE:,0.9,108.0,159.5,236.0,178.0
MISC-102,miscellaneous,petitioner_to,text,0,TO:,0.9,88.1,206.9,252.0,225.4
MISC-102,miscellaneous,petitioner_of,text,0,of,0.9,265.3,206.9,470.8,225.4
MISC-102,miscellaneous,court_county,text,0,Probate Court located at,0.9,171.5,243.1,432.0,261.6
MISC-102,miscellaneous,petitioner_on,text,0,on,0.9,447.0,243.1,536.5,261.6
MISC-102,miscellaneous,petitioner_20_at,text,0,"20     , at",0.9,109.2,254.6,190.1,273.1
MISC-102,miscellaneous,petitioner_full_name,text,0, YOU ARE COMMANDED in the name of the State of Maine to appear before,0.9,405.0,290.6,540.0,309.1
MISC-102,miscellaneous,petitioner_at_the_offices_of,text,0,", at the offices of",0.9,79.0,302.5,216.0,321.0
MISC-102,miscellaneous,petitioner_at_the_offices_of_2,text,0,", at the offices of",0.9,286.0,302.5,540.0,321.0
MISC-102,miscellaneous,petitioner_at,text,0,at,0.9,81.7,313.9,288.0,332.4
MISC-102,miscellaneous,petitioner_maine_on,text,0,", Maine, on",0.9,293.0,313.9,360.0,332.4
MISC-102,miscellaneous,petitioner_maine_on_2,text,0,", Maine, on",0.9,408.0,313.9,504.0,332.4
MISC-102,miscellaneous,petitioner_at_2,text,0,at,0.9,81.7,325.4,146.5,343.9
MISC-102,miscellaneous,petitioner_middle_name,text,0,premises on,0.9,122.5,384.8,236.2,403.3
MISC-102,miscellaneous,petitioner_at_3,text,0,", at",0.9,302.8,384.8,387.6,403.3
MISC-102,miscellaneous,petitioner_at_4,text,0,", at",0.9,402.2,384.8,540.0,403.3
MISC-102,miscellaneous,petitioner_middle_name_2,text,0,premises on,0.9,72.0,396.2,387.6,414.7
MISC-102,miscellaneous,petitioner_signature,signature,0, YOU ARE COMMANDED to permit inspection and copying of the following designated things or premises:,0.9,72.0,444.1,540.0,462.6
MISC-102,miscellaneous,petitioner_time_and_place_of_inspection,text,0,Time and place of inspection:,0.9,72.0,455.6,540.0,474.1
MISC-102,miscellaneous,petitioner_time_and_place_of_inspection_2,text,0,Time and place of inspection:,0.9,72.0,467.0,432.0,485.5
MISC-102,miscellaneous,petitioner_time_and_place_of_inspection_3,text,0,Time and place of inspection:,0.9,190.8,478.6,540.0,497.0
MISC-102,miscellaneous,petitioner_this_subpoena_is_issued_on_behalf_of,text,0,This subpoena is issued on behalf of,0.9,220.1,513.1,457.1,531.6
MISC-102,miscellaneous,petitioner_is,text,0,is,0.9,81.1,524.6,524.2,543.1
MISC-102,miscellaneous,attorney_in_writing_upon_the_party_or_attorney,text,0,"in writing upon the party or attorney,",0.9,222.5,582.1,360.0,600.6
MISC-102,miscellaneous,petitioner_before,text,0,", before",0.9,393.0,582.1,529.1,600.6
MISC-102,miscellaneous,petitioner_date_signed,date,0,Date:,0.9,108.0,708.6,216.0,727.1
MISC-102,miscellaneous,attorney_register_attorney,text,0,Register/Attorney,0.9,360.0,708.6,540.0,727.1
MISC-102,miscellaneous,court_county_2,text,1,COUNTY,0.9,72.0,74.4,180.0,92.9
MISC-102,miscellaneous,petitioner_on_2,text,1,On,0.9,122.8,97.4,252.0,115.9
MISC-102,miscellaneous,petitioner_full_name_2,text,1,", I subpoenaed the above-named",0.9,383.5,97.4,504.0,115.9
MISC-102,miscellaneous,petitioner_delivering_a_copy_of_this_subpoena_at_th,text,1,delivering a copy of this subpoena.  (At the same time I tendered and paid to,0.9,380.5,109.0,504.0,127.4
MISC-102,miscellaneous,petitioner_amount,currency,1,the sum of $,0.9,121.7,120.4,180.0,138.8
MISC-102,miscellaneous,petitioner_signature_2,text,1,Signature,0.9,360.0,143.4,540.0,161.9
MISC-102,miscellaneous,petitioner_agency,text,1,Agency,0.9,360.0,166.4,540.0,184.9
N-105,notices,court_county,text,0,COUNTY PROBATE COURT,0.9,43.2,107.7,115.2,126.1
N-105,notices,case_number,text,0,DOCKET NO.,0.9,400.1,107.7,511.3,126.1
N-105,notices,estate_address_state,text,0,Estate of,0.9,84.7,132.9,295.3,151.3
N-105,notices,petitioner_of,text,0,of,0.9,55.1,178.9,547.3,197.4
N-105,notices,decedent_dod,date,0,(Date of death of Decedent. or date of appointment of Guardian or Conservator and Court where appointment was made. ),0.9,43.2,214.6,547.3,233.1
N-105,notices,decedent_dod_2,date,0,(Date of death of Decedent. or date of appointment of Guardian or Conservator and Court where appointment was made. ),0.7,79.2,248.4,479.2,270.1
N-105,notices,petitioner_full_name,text,0,"Name, address and telephone number of person making demand",0.7,43.2,286.3,443.2,320.7
N-105,notices,estate_address_state_2,date,0,"I hereby demand notice of every filing, notice or order relating to the above estate made after the date of this",0.7,61.2,337.0,461.2,358.7
N-105,notices,attorney_full_name,text,0,"Name, bar number, address and telephone number of attorney for person making demand, if any. 2",0.7,43.2,552.0,443.2,586.5
N-105,notices,petitioner_date_signed,date,0,Date:,0.9,69.7,581.5,187.2,600.0
N-105,notices,attorney_person_making_demand_or_their_attorney,text,0,Person Making Demand or Their Attorney,0.9,322.3,581.5,547.3,600.0
N-105,notices,petitioner_1_18_c_m_r_s_3_204_and_rule_4d_a,text,0,1 18-C M.R.S. § 3-204 and Rule 4D(a).,0.9,43.2,652.8,187.2,671.4
N-106,notices,court_county,text,0,_____________________COUNTY PROBATE COURT,0.9,443.2,94.9,554.4,113.4
N-106,notices,petitioner_full_name,text,0,Name of removing party:,0.9,164.6,229.4,554.4,247.9
N-106,notices,court_county_2,text,0, 1.  The undersigned hereby exercises his right to remove this proceeding to Superior Court in this county. 1,0.9,402.5,305.4,518.4,323.9
N-106,notices,attorney_removing_party_or_attorney,text,0,Removing Party or Attorney,0.9,73.9,406.6,266.4,425.0
N-106,notices,attorney_removing_party_or_attorney_2,text,0,Removing Party or Attorney,0.9,338.4,406.6,554.4,425.0
N-106,notices,attorney_full_name,text,0,"Name, bar number, address and telephone number of attorney for removing party, if any.",0.7,50.4,466.7,450.4,498.8
N-106,notices,petitioner_amount,currency,0,A. Fees for copies in the amount of $,0.9,213.8,558.4,266.4,576.8
N-106,notices,petitioner_were_received,text,0,were received.,0.9,257.5,583.7,338.4,602.2
N-106,notices,petitioner_field,text,0,,0.7,73.9,621.6,230.4,640.1
N-106,notices,court_register_of_probate,text,0,Register of Probate,0.9,338.4,621.6,554.4,640.1
N-106,notices,petitioner_1_see_4_m_r_s_253_18_c_m_r_s_1_306_b_and,text,0,"1 See 4 M.R.S. § 253, 18-C M.R.S.§ 1-306(b) and Rule 71A(a) and (b).",0.9,50.4,656.2,194.4,674.8
N-107,notices,case_number,text,0,DOCKET NO.,0.9,435.1,111.4,540.1,130.0
N-107,notices,petitioner_in_re,text,0,In Re:,0.9,104.7,142.0,288.0,160.6
N-107,notices,petitioner_i,text,0,"I,",0.9,80.3,179.1,540.1,197.5
N-107,notices,petitioner_of,text,0,of,0.9,82.9,215.8,540.1,234.3
N-107,notices,petitioner_the_following_proceedings_only,text,0,the following proceedings only,0.7,72.0,469.2,472.0,500.2
N-107,notices,petitioner_date_signed,date,0,Date,0.9,93.4,551.6,252.0,570.1
N-107,notices,attorney_person_waiving_notice_or_their_attorney,text,0,Person Waiving Notice or Their Attorney,0.9,360.1,551.6,540.1,570.1
N-107,notices,petitioner_1_18_c_m_r_s_1_402_and_m_r_prob_p_4d,text,0,1 18-C M.R.S. § 1-402 and M.R. Prob. P. 4D.,0.9,72.0,631.8,216.0,650.5
N-108,notices,minor_middle_name,text,0,of ___________________________________________________________________ (name of minor or individual,0.7,57.6,369.2,457.6,391.0
N-108,notices,court_full_name,date,0,"(Insert here the name of court, nature of order and date of its entry, if appointment was made by a",0.7,57.6,477.3,457.6,499.1
N-108,notices,petitioner_1_18_c_m_r_s_1_402_and_rule_4d_b,text,0,1 18-C M.R.S. § 1-402 and Rule 4D(b).,0.9,57.6,665.5,201.6,684.1
N-112,notices,petitioner_in_re,text,0,In Re:,0.9,72.0,116.0,177.0,134.6
N-112,notices,case_number,text,0,DOCKET NO.,0.9,435.0,116.0,540.0,134.6
N-112,notices,court_notice_of_intent_to_register_1,text,0,NOTICE OF INTENT TO REGISTER 1,0.9,104.5,143.6,288.0,162.2
N-112,notices,guardian_full_name,text,0,"Name, address and phone number of Guardian(s)/Conservator(s)",0.7,108.0,221.2,508.0,256.6
N-112,notices,guardian_full_name_2,text,0,Name and address of individual subject to guardianship/conservatorship,0.7,108.0,276.4,508.0,311.8
N-112,notices,court_full_name,text,0,Name of appointing Court:,0.9,288.0,309.2,504.0,327.8
N-112,notices,court_address_street,text,0,Address of appointing Court,0.9,288.0,336.8,504.0,355.4
N-112,notices,petitioner_was_were,text,0,", was/were",0.9,288.0,350.6,504.0,369.2
N-112,notices,guardian_duly_appointed_guardian_s_and_or_conserv,text,0,duly appointed  Guardian(s) and/or  Conservator(s) of,0.9,138.0,378.2,486.0,396.8
N-112,notices,guardian_individual_subject_to_guardianship_conse,text,0,Individual Subject to Guardianship/Conservatorship,0.9,355.3,405.8,540.0,424.4
N-112,notices,petitioner_on,text,0,on,0.9,87.0,428.9,216.0,447.5
N-112,notices,court_i_we_request_that_you_certify_this_notic,text,0,I/We request that you certify this Notice of Intent to Register:,0.9,353.0,522.0,441.0,540.6
N-112,notices,court_i_we_request_that_you_certify_this_notic_2,text,0,I/We request that you certify this Notice of Intent to Register:,0.9,104.0,563.4,216.0,582.0
N-112,notices,court_i_we_request_that_you_certify_this_notic_3,text,0,I/We request that you certify this Notice of Intent to Register:,0.9,324.0,563.4,540.0,582.0
N-112,notices,guardian_guardian_s_conservator_s,text,0,Guardian(s)/Conservator(s),0.9,324.0,591.0,540.0,609.6
N-112,notices,petitioner_certified_a_true_copy_on,text,0,Certified a true copy on:,0.9,72.0,632.4,180.0,651.0
N-112,notices,court_register_of_probate,text,0,Register of Probate,0.9,72.0,660.0,252.0,678.6
N-112,notices,court_register_of_probate_2,text,0,Register of Probate,0.9,72.0,683.2,216.0,701.8
N-115,notices,court_county,text,0,COUNTY PROBATE COURT,0.9,72.0,94.7,180.0,113.2
N-115,notices,petitioner_docket,text,0,DOCKET,0.9,408.7,94.9,540.0,113.5
N-115,notices,petitioner_full_name,text,0,TO (insert name and address),0.7,72.0,206.8,472.0,224.3
N-115,notices,pr_personal_representative_or_an_officer_of,text,0,Personal Representative or an officer of or Attorney,0.9,324.0,610.3,540.0,628.8
N-115,notices,petitioner_middle_name,text,0,"1 This form or another notice conforming to 18-C M.R.S. § 3-705 shall be delivered to all heirs and devisees, including devisees",0.9,72.0,653.9,216.0,672.5
N-115,notices,petitioner_address_street,date,0,"appointment.  It is a good idea to keep a list of all persons to whom notice was sent, their addresses and date of mailing and to",0.7,72.0,712.6,472.0,737.1
N-116,notices,estate_address_state,text,0,Estate of,0.9,122.6,140.0,301.8,158.5
N-116,notices,decedent_middle_name,text,0,Domicile of Decedent,0.9,122.6,165.2,301.8,183.7
N-116,notices,petitioner_middle_name,text,0,Domicile (Cont.),0.9,122.6,190.6,301.8,209.0
N-116,notices,petitioner_signature,signature,0,"The undersigned, whose name and address are:",0.9,283.2,229.1,552.0,247.6
N-116,notices,pr_address_state,text,0,was duly appointed Personal Representative of the Estate of:,0.9,317.4,258.6,552.0,277.1
N-116,notices,petitioner_by,text,0,by,0.9,72.0,287.2,301.1,305.6
N-116,notices,petitioner_by_2,text,0,by,0.9,319.0,287.2,552.0,305.6
N-116,notices,petitioner_on,text,0,on,0.9,72.0,315.8,301.1,334.3
N-116,notices,petitioner_on_2,text,0,on,0.9,319.0,315.8,552.0,334.3
N-116,notices,decedent_dod,date,0,Date of Death of the Decedent:,0.9,197.3,354.0,552.0,372.5
N-116,notices,petitioner_full_name,text,1,Name,0.9,72.0,79.3,274.6,97.8
N-116,notices,petitioner_address_street,text,1,Address,0.9,72.0,105.1,274.6,123.6
N-116,notices,petitioner_address_street_2,text,1,Address,0.9,72.0,130.9,274.6,149.4
N-116,notices,petitioner_phone,text,1,Phone Number,0.9,72.0,155.8,274.6,174.3
N-116,notices,petitioner_maine_bar_number,text,1,Maine Bar Number,0.9,72.0,180.7,274.6,199.2
N-117,notices,court_county,text,0,COUNTY PROBATE COURT,0.9,72.0,94.7,180.0,113.2
N-117,notices,petitioner_docket,text,0,DOCKET,0.9,408.7,94.9,540.0,113.5
N-117,notices,petitioner_full_name,text,0,TO (insert name and address),0.7,72.0,192.2,472.0,219.9
N-117,notices,guardian_guardian_conservator_guardian_and_conser,text,0,Guardian/Conservator/Guardian and Conservator,0.9,324.0,491.9,540.0,510.4
N-117,notices,petitioner_address_street,text,0,Address:,0.9,362.0,514.8,540.0,533.3
N-117,notices,petitioner_address_street_2,text,0,Address:,0.9,324.0,526.3,540.0,544.8
N-117,notices,petitioner_middle_name,text,0,1 This form or another notice conforming to 18-C M.R.S. §§ 5-311 and/or 5-411 shall be delivered to the individual subject to,0.9,72.0,547.0,216.0,565.6
N-118,notices,petitioner_field,text,0,,0.7,72.0,111.0,177.0,129.6
N-118,notices,guardian_adult_subject_to_guardianship_and_or_ind,text,0,Adult subject to guardianship and/or Individual subject to conservatorship,0.9,104.5,152.4,345.0,171.0
N-118,notices,petitioner_1_18_c_5_311,text,1,1 18-C § 5-311.,0.9,72.0,545.6,216.0,564.1
NC-001,name_change,minor_middle_name,text,0,"Full legal name of minor (include middle name, if any)",0.7,72.0,621.1,472.0,651.2
NC-001,name_change,petitioner_middle_name,text,1,"Petitioner wishes to change the minor’s name to (include middle name, if any)",0.7,72.0,85.7,472.0,115.8
NC-001,name_change,petitioner_email,text,1,Email,0.7,54.0,559.7,454.0,585.2
NC-003,name_change,petitioner_i,text,0,"I,",0.9,64.0,232.7,345.0,251.3
NC-003,name_change,minor_middle_name,radio,0,Parent of the minor;,0.7,77.6,287.2,89.2,298.7
NC-003,name_change,minor_middle_name_2,radio,0,Parent of the minor;,0.7,77.6,303.0,89.2,314.5
NC-003,name_change,guardian_guardian,radio,0,Guardian;,0.7,77.6,318.8,89.2,330.4
NC-003,name_change,petitioner_custodian,radio,0,Custodian;,0.7,77.6,334.7,89.2,346.2
NC-003,name_change,guardian_guardian_ad_litem_or,radio,0,Guardian ad litem; or,0.7,77.6,350.5,89.2,362.0
NC-003,name_change,petitioner_respond_to_the_petition,radio,0,respond to the petition.,0.7,55.1,382.3,66.6,393.8
NC-003,name_change,petitioner_name_for_the_minor_in_the_above_captione,checkbox,0,name for the minor in the above-captioned case as requested by the petitioner.,0.7,55.1,429.8,66.6,441.4
NC-003,name_change,petitioner_middle_name,text,0,name for the minor in the above-captioned case as requested by the petitioner.,0.9,83.0,470.6,198.0,489.2
NC-003,name_change,petitioner_signature,signature,0,Signature of party,0.9,270.0,470.6,558.0,489.2
NC-003,name_change,court_county,text,0,COUNTY,0.9,54.0,582.7,162.0,601.7
NC-003,name_change,petitioner_full_name,text,0,"Personally appeared the above named,",0.9,210.1,609.1,486.0,627.6
NC-003,name_change,petitioner_date_signed,date,0,Date:,0.9,78.1,695.4,198.0,713.9
NC-003,name_change,attorney_attorney_at_law_notary_public_register_c,text,0,Attorney at Law / Notary Public / Register / Clerk,0.9,306.0,695.4,558.0,713.9
PB-007,guardian_minor,court_county,text,0,County:,0.9,89.4,85.5,198.0,103.9
PB-007,guardian_minor,minor_location,text,0,Location:,0.9,423.0,85.5,558.1,103.9
PB-007,guardian_minor,case_number,text,0,Docket No.,0.9,104.8,100.0,198.0,118.5
PB-007,guardian_minor,case_number_2,text,0,Docket No.,0.9,431.6,100.0,558.1,118.5
PB-007,guardian_minor,gal_i_duties_the_gal_must_perform_the_follow,text,0,i. Duties. The GAL must perform the following specific duties,0.7,72.0,723.3,472.0,743.1
PP-107,gc_minor,case_number,text,0,DOCKET NO.,0.9,422.5,103.6,540.0,122.0
PP-107,gc_minor,minor_address_street,text,0,"address, if applicable)",0.7,71.9,229.2,471.9,269.1
PP-107,gc_minor,conservator_conservatorship_is_sought,text,0,conservatorship is sought),0.7,71.9,298.0,471.9,326.6
PP-107,gc_minor,minor_enter_same,text,0,enter “same”),0.7,72.0,355.5,472.0,395.6
PP-107,gc_minor,minor_applicable,text,0,applicable),0.7,71.9,424.6,471.9,464.6
PP-107,gc_minor,minor_middle_name,text,0,Address where the Minor will reside (if different from above),0.7,71.9,505.1,471.9,533.7
PP-107,gc_minor,minor_full_name,text,1,Name,0.9,66.8,100.0,203.8,118.4
PP-107,gc_minor,minor_address_street_2,text,1,Address,0.9,204.2,100.0,385.7,118.4
PP-107,gc_minor,minor_middle_name_2,text,1,Relationship to Minor,0.9,386.2,100.0,545.2,118.4
PP-107,gc_minor,minor_full_name_2,text,1,Name,0.9,66.8,112.0,203.8,130.4
PP-107,gc_minor,minor_address_street_3,text,1,Address,0.9,204.2,112.0,385.7,130.4
PP-107,gc_minor,minor_middle_name_3,text,1,Relationship to Minor,0.9,386.2,112.0,545.2,130.4
PP-107,gc_minor,minor_field,text,1,,0.7,66.8,147.8,203.8,166.3
PP-107,gc_minor,minor_field_2,text,1,,0.7,204.2,147.8,385.7,166.3
PP-107,gc_minor,minor_field_3,text,1,,0.7,386.2,147.8,545.2,166.3
PP-107,gc_minor,minor_field_4,text,1,,0.7,66.8,182.9,203.8,201.4
PP-107,gc_minor,minor_field_5,text,1,,0.7,204.2,182.9,385.7,201.4
PP-107,gc_minor,minor_field_6,text,1,,0.7,386.2,182.9,545.2,201.4
PP-107,gc_minor,minor_field_7,text,1,,0.7,66.8,217.8,203.8,236.3
PP-107,gc_minor,minor_field_8,text,1,,0.7,204.2,217.8,385.7,236.3
PP-107,gc_minor,minor_field_9,text,1,,0.7,386.2,217.8,545.2,236.3
PP-107,gc_minor,minor_field_10,text,1,,0.7,66.8,253.7,203.8,272.2
PP-107,gc_minor,minor_field_11,text,1,,0.7,204.2,253.7,385.7,272.2
PP-107,gc_minor,minor_field_12,text,1,,0.7,386.2,253.7,545.2,272.2
PP-107,gc_minor,minor_field_13,text,1,,0.7,66.8,288.7,203.8,307.2
PP-107,gc_minor,minor_field_14,text,1,,0.7,204.2,288.7,385.7,307.2
PP-107,gc_minor,minor_field_15,text,1,,0.7,386.2,288.7,545.2,307.2
PP-107,gc_minor,minor_field_16,text,1,,0.7,66.8,324.5,203.8,343.0
PP-107,gc_minor,minor_field_17,text,1,,0.7,204.2,324.5,385.7,343.0
PP-107,gc_minor,minor_field_18,text,1,,0.7,386.2,324.5,545.2,343.0
PP-107,gc_minor,minor_field_19,text,1,,0.7,66.8,360.2,203.8,378.7
PP-107,gc_minor,minor_field_20,text,1,,0.7,204.2,360.2,385.7,378.7
PP-107,gc_minor,minor_field_21,text,1,,0.7,386.2,360.2,545.2,378.7
PP-107,gc_minor,minor_field_22,text,1,,0.7,66.8,395.4,203.8,413.9
PP-107,gc_minor,minor_field_23,text,1,,0.7,204.2,395.4,385.7,413.9
PP-107,gc_minor,minor_field_24,text,1,,0.7,386.2,395.4,545.2,413.9
PP-107,gc_minor,minor_field_25,text,1,,0.7,66.8,431.2,203.8,449.6
PP-107,gc_minor,minor_field_26,text,1,,0.7,204.2,431.2,385.7,449.6
PP-107,gc_minor,minor_field_27,text,1,,0.7,386.2,431.2,545.2,449.6
PP-107,gc_minor,minor_field_28,text,1,,0.7,66.8,466.9,203.8,485.4
PP-107,gc_minor,minor_field_29,text,1,,0.7,204.2,466.9,385.7,485.4
PP-107,gc_minor,minor_field_30,text,1,,0.7,386.2,466.9,545.2,485.4
PP-107,gc_minor,minor_field_31,text,1,,0.7,66.8,502.0,203.8,520.4
PP-107,gc_minor,minor_field_32,text,1,,0.7,204.2,502.0,385.7,520.4
PP-107,gc_minor,minor_field_33,text,1,,0.7,386.2,502.0,545.2,520.4
PP-107,gc_minor,minor_field_34,text,1,,0.7,66.8,537.8,203.8,556.3
PP-107,gc_minor,minor_field_35,text,1,,0.7,204.2,537.8,385.7,556.3
PP-107,gc_minor,minor_field_36,text,1,,0.7,386.2,537.8,545.2,556.3
PP-107,gc_minor,minor_field_37,text,1,,0.7,66.8,573.6,203.8,592.1
PP-107,gc_minor,minor_field_38,text,1,,0.7,204.2,573.6,385.7,592.1
PP-107,gc_minor,minor_field_39,text,1,,0.7,386.2,573.6,545.2,592.1
PP-107,gc_minor,minor_field_40,text,1,,0.7,66.8,609.4,203.8,627.8
PP-107,gc_minor,minor_field_41,text,1,,0.7,204.2,609.4,385.7,627.8
PP-107,gc_minor,minor_field_42,text,1,,0.7,386.2,609.4,545.2,627.8
PP-107,gc_minor,minor_field_43,text,1,,0.7,66.8,645.2,203.8,663.7
PP-107,gc_minor,minor_field_44,text,1,,0.7,204.2,645.2,385.7,663.7
PP-107,gc_minor,minor_field_45,text,1,,0.7,386.2,645.2,545.2,663.7
PP-107,gc_minor,minor_field_46,text,1,,0.7,66.8,681.0,203.8,699.5
PP-107,gc_minor,minor_field_47,text,1,,0.7,204.2,681.0,385.7,699.5
PP-107,gc_minor,minor_field_48,text,1,,0.7,386.2,681.0,545.2,699.5
PP-107,gc_minor,minor_amount,currency,3,ESTIMATED VALUE,0.9,360.0,271.4,453.0,289.9
PP-107,gc_minor,minor_asset,text,3,ASSET,0.9,66.8,284.0,305.4,302.5
PP-107,gc_minor,minor_amount_2,currency,3,ESTIMATED VALUE,0.9,305.9,284.0,544.3,302.5
PP-107,gc_minor,minor_amount_3,currency,3,"pension amounts, as well as the source and amount of any",0.9,66.8,314.0,305.4,332.5
PP-107,gc_minor,minor_amount_4,currency,3,"pension amounts, as well as the source and amount of any",0.9,305.9,314.0,544.3,332.5
PP-107,gc_minor,minor_amount_5,currency,3,"pension amounts, as well as the source and amount of any",0.9,66.8,344.0,305.4,362.5
PP-107,gc_minor,minor_amount_6,currency,3,"pension amounts, as well as the source and amount of any",0.9,305.9,344.0,544.3,362.5
PP-107,gc_minor,minor_field_49,text,3,,0.7,66.8,374.0,305.4,392.5
PP-107,gc_minor,minor_field_50,text,3,,0.7,305.9,374.0,544.3,392.5
PP-107,gc_minor,minor_field_51,text,3,,0.7,66.8,404.0,305.4,422.5
PP-107,gc_minor,minor_field_52,text,3,,0.7,305.9,404.0,544.3,422.5
PP-107,gc_minor,minor_field_53,text,3,,0.7,66.8,434.0,305.4,452.5
PP-107,gc_minor,minor_field_54,text,3,,0.7,305.9,434.0,544.3,452.5
PP-107,gc_minor,minor_field_55,text,3,,0.7,66.8,464.0,305.4,482.5
PP-107,gc_minor,minor_field_56,text,3,,0.7,305.9,464.0,544.3,482.5
PP-107,gc_minor,minor_field_57,text,3,,0.7,66.8,494.0,305.4,512.5
PP-107,gc_minor,minor_field_58,text,3,,0.7,305.9,494.0,544.3,512.5
PP-107,gc_minor,minor_field_59,text,3,,0.7,66.8,524.0,305.4,542.5
PP-107,gc_minor,minor_field_60,text,3,,0.7,305.9,524.0,544.3,542.5
PP-107,gc_minor,petitioner_petitioner_or_attorney_for_petitioner,text,4,Petitioner or Attorney for Petitioner,0.9,324.0,145.0,540.0,163.4
PP-107,gc_minor,petitioner_co_petitioner_if_any,text,4,Co-Petitioner (if any),0.9,324.0,179.4,540.0,197.9
PP-107,gc_minor,attorney_attorney_required_by_rule_11,text,4,Attorney (Required by Rule 11),0.9,324.0,214.0,540.0,232.4
PP-107,gc_minor,minor_full_name_3,text,4,Name,0.9,72.0,300.4,229.2,318.8
PP-107,gc_minor,minor_address_street_4,text,4,Address,0.9,72.0,329.4,229.2,347.9
PP-107,gc_minor,minor_address_street_5,text,4,Address,0.9,72.0,358.4,229.2,376.9
PP-107,gc_minor,minor_phone,text,4,Phone Number,0.9,72.0,386.4,229.2,404.9
PP-107,gc_minor,minor_maine_bar_number,text,4,Maine Bar Number,0.9,72.0,414.4,229.2,432.8
PP-107,gc_minor,minor_address_street_6,text,4,Email Address,0.9,72.0,442.8,229.2,461.3
PP-107,gc_minor,minor_marp,text,4,MARP,0.9,72.0,614.8,216.0,633.4
PP-108,gc_minor,case_number,text,0,DOCKET NO.,0.9,422.5,103.6,540.0,122.0
PP-108,gc_minor,conservator_conservator,text,0,Conservator,0.9,324.0,513.1,540.0,531.6
PP-108,gc_minor,minor_by,text,0,By:,0.9,340.9,539.5,540.0,558.0
PP-108,gc_minor,minor_its,text,0,Its:,0.9,339.2,552.8,540.0,571.3
PP-201,gc_adults,case_number,text,0,DOCKET NO.,0.9,422.5,115.0,540.0,133.4
PP-201,gc_adults,ward_address_street,text,0,"address, if applicable)",0.7,72.0,252.3,472.0,292.1
PP-201,gc_adults,ward_in_the_appointment,text,0,in the appointment,0.7,71.9,321.1,471.9,349.6
PP-201,gc_adults,ward_same,text,0,“same”),0.7,71.9,378.6,471.9,418.7
PP-201,gc_adults,respondent_age_of_the_respondent_approximate_age_if,text,0,Age of the Respondent (approximate age if exact age is unknown),0.7,71.9,516.6,471.9,533.7
PP-201,gc_adults,respondent_middle_name,text,0,Relationship of each nominee to become guardian or successor guardian to the Respondent,0.7,71.9,551.1,471.9,579.6
PP-201,gc_adults,ward_full_name,text,1,Name,0.9,63.5,146.0,202.3,164.5
PP-201,gc_adults,ward_address_street_2,text,1,Address,0.9,202.8,146.0,386.8,164.5
PP-201,gc_adults,respondent_relationship,text,1,Relationship to Respondent,0.9,387.2,146.0,548.5,164.5
PP-201,gc_adults,ward_full_name_2,text,1,Name,0.9,63.5,158.2,202.3,176.6
PP-201,gc_adults,ward_address_street_3,text,1,Address,0.9,202.8,158.2,386.8,176.6
PP-201,gc_adults,respondent_relationship_2,text,1,Relationship to Respondent,0.9,387.2,158.2,548.5,176.6
PP-201,gc_adults,ward_field,text,1,,0.7,63.5,194.4,202.3,212.9
PP-201,gc_adults,ward_field_2,text,1,,0.7,202.8,194.4,386.8,212.9
PP-201,gc_adults,ward_field_3,text,1,,0.7,387.2,194.4,548.5,212.9
PP-201,gc_adults,ward_field_4,text,1,,0.7,63.5,230.0,202.3,248.5
PP-201,gc_adults,ward_field_5,text,1,,0.7,202.8,230.0,386.8,248.5
PP-201,gc_adults,ward_field_6,text,1,,0.7,387.2,230.0,548.5,248.5
PP-201,gc_adults,ward_field_7,text,1,,0.7,63.5,265.0,202.3,283.4
PP-201,gc_adults,ward_field_8,text,1,,0.7,202.8,265.0,386.8,283.4
PP-201,gc_adults,ward_field_9,text,1,,0.7,387.2,265.0,548.5,283.4
PP-201,gc_adults,ward_field_10,text,1,,0.7,63.5,301.3,202.3,319.8
PP-201,gc_adults,ward_field_11,text,1,,0.7,202.8,301.3,386.8,319.8
PP-201,gc_adults,ward_field_12,text,1,,0.7,387.2,301.3,548.5,319.8
PP-201,gc_adults,ward_field_13,text,1,,0.7,63.5,336.8,202.3,355.3
PP-201,gc_adults,ward_field_14,text,1,,0.7,202.8,336.8,386.8,355.3
PP-201,gc_adults,ward_field_15,text,1,,0.7,387.2,336.8,548.5,355.3
PP-201,gc_adults,ward_field_16,text,1,,0.7,63.5,373.1,202.3,391.6
PP-201,gc_adults,ward_field_17,text,1,,0.7,202.8,373.1,386.8,391.6
PP-201,gc_adults,ward_field_18,text,1,,0.7,387.2,373.1,548.5,391.6
PP-201,gc_adults,ward_field_19,text,1,,0.7,63.5,409.4,202.3,427.9
PP-201,gc_adults,ward_field_20,text,1,,0.7,202.8,409.4,386.8,427.9
PP-201,gc_adults,ward_field_21,text,1,,0.7,387.2,409.4,548.5,427.9
PP-201,gc_adults,ward_field_22,text,1,,0.7,63.5,445.0,202.3,463.4
PP-201,gc_adults,ward_field_23,text,1,,0.7,202.8,445.0,386.8,463.4
PP-201,gc_adults,ward_field_24,text,1,,0.7,387.2,445.0,548.5,463.4
PP-201,gc_adults,ward_field_25,text,1,,0.7,63.5,481.3,202.3,499.8
PP-201,gc_adults,ward_field_26,text,1,,0.7,202.8,481.3,386.8,499.8
PP-201,gc_adults,ward_field_27,text,1,,0.7,387.2,481.3,548.5,499.8
PP-201,gc_adults,ward_field_28,text,1,,0.7,63.5,517.6,202.3,536.0
PP-201,gc_adults,ward_field_29,text,1,,0.7,202.8,517.6,386.8,536.0
PP-201,gc_adults,ward_field_30,text,1,,0.7,387.2,517.6,548.5,536.0
PP-201,gc_adults,ward_field_31,text,1,,0.7,63.5,553.1,202.3,571.6
PP-201,gc_adults,ward_field_32,text,1,,0.7,202.8,553.1,386.8,571.6
PP-201,gc_adults,ward_field_33,text,1,,0.7,387.2,553.1,548.5,571.6
PP-201,gc_adults,ward_field_34,text,1,,0.7,63.5,589.4,202.3,607.9
PP-201,gc_adults,ward_field_35,text,1,,0.7,202.8,589.4,386.8,607.9
PP-201,gc_adults,ward_field_36,text,1,,0.7,387.2,589.4,548.5,607.9
PP-201,gc_adults,ward_field_37,text,1,,0.7,63.5,625.7,202.3,644.2
PP-201,gc_adults,ward_field_38,text,1,,0.7,202.8,625.7,386.8,644.2
PP-201,gc_adults,ward_field_39,text,1,,0.7,387.2,625.7,548.5,644.2
PP-201,gc_adults,ward_field_40,text,1,,0.7,63.5,662.0,202.3,680.5
PP-201,gc_adults,ward_field_41,text,1,,0.7,202.8,662.0,386.8,680.5
PP-201,gc_adults,ward_field_42,text,1,,0.7,387.2,662.0,548.5,680.5
PP-201,gc_adults,ward_field_43,text,1,,0.7,63.5,698.4,202.3,716.9
PP-201,gc_adults,ward_field_44,text,1,,0.7,202.8,698.4,386.8,716.9
PP-201,gc_adults,ward_field_45,text,1,,0.7,387.2,698.4,548.5,716.9
PP-201,gc_adults,ward_full_name_3,text,3,Name,0.9,80.5,88.4,221.0,106.9
PP-201,gc_adults,ward_address_street_4,text,3,Address,0.9,221.5,88.4,531.5,106.9
PP-201,gc_adults,ward_full_name_4,text,3,Name,0.9,80.5,100.4,221.0,118.9
PP-201,gc_adults,ward_address_street_5,text,3,Address,0.9,221.5,100.4,531.5,118.9
PP-201,gc_adults,ward_full_name_5,text,3,Name,0.9,80.5,124.0,221.0,142.4
PP-201,gc_adults,ward_address_street_6,text,3,Address,0.9,221.5,124.0,531.5,142.4
PP-201,gc_adults,respondent_respondent_s_contact_if_any,text,3,Respondent’s contact (if any):,0.9,80.5,147.5,221.0,166.0
PP-201,gc_adults,respondent_respondent_s_contact_if_any_2,text,3,Respondent’s contact (if any):,0.9,221.5,147.5,531.5,166.0
PP-201,gc_adults,respondent_respondent_s_contact_if_any_3,text,3,Respondent’s contact (if any):,0.9,80.5,171.0,221.0,189.5
PP-201,gc_adults,respondent_respondent_s_contact_if_any_4,text,3,Respondent’s contact (if any):,0.9,221.5,171.0,531.5,189.5
PP-201,gc_adults,respondent_respondent_s_contact_if_any_5,text,3,Respondent’s contact (if any):,0.9,80.5,194.5,221.0,213.0
PP-201,gc_adults,respondent_respondent_s_contact_if_any_6,text,3,Respondent’s contact (if any):,0.9,221.5,194.5,531.5,213.0
PP-201,gc_adults,ward_amount,currency,3,ESTIMATED VALUE,0.9,360.0,274.4,453.0,292.9
PP-201,gc_adults,ward_asset,text,3,ASSET,0.9,66.8,287.0,305.4,305.5
PP-201,gc_adults,ward_amount_2,currency,3,ESTIMATED VALUE,0.9,305.9,287.0,544.3,305.5
PP-201,gc_adults,ward_of_any_other_anticipated_income_or_recei,text,3,of any other anticipated income or receipts of the,0.9,66.8,317.0,305.4,335.5
PP-201,gc_adults,ward_of_any_other_anticipated_income_or_recei_2,text,3,of any other anticipated income or receipts of the,0.9,305.9,317.0,544.3,335.5
PP-201,gc_adults,ward_of_any_other_anticipated_income_or_recei_3,text,3,of any other anticipated income or receipts of the,0.9,66.8,347.0,305.4,365.5
PP-201,gc_adults,ward_of_any_other_anticipated_income_or_recei_4,text,3,of any other anticipated income or receipts of the,0.9,305.9,347.0,544.3,365.5
PP-201,gc_adults,ward_field_46,text,3,,0.7,66.8,377.0,305.4,395.5
PP-201,gc_adults,ward_field_47,text,3,,0.7,305.9,377.0,544.3,395.5
PP-201,gc_adults,ward_field_48,text,3,,0.7,66.8,407.0,305.4,425.5
PP-201,gc_adults,ward_field_49,text,3,,0.7,305.9,407.0,544.3,425.5
PP-201,gc_adults,ward_field_50,text,3,,0.7,66.8,437.0,305.4,455.5
PP-201,gc_adults,ward_field_51,text,3,,0.7,305.9,437.0,544.3,455.5
PP-201,gc_adults,ward_field_52,text,3,,0.7,66.8,467.0,305.4,485.5
PP-201,gc_adults,ward_field_53,text,3,,0.7,305.9,467.0,544.3,485.5
PP-201,gc_adults,ward_field_54,text,3,,0.7,66.8,497.0,305.4,515.5
PP-201,gc_adults,ward_field_55,text,3,,0.7,305.9,497.0,544.3,515.5
PP-201,gc_adults,ward_field_56,text,3,,0.7,66.8,527.0,305.4,545.5
PP-201,gc_adults,ward_field_57,text,3,,0.7,305.9,527.0,544.3,545.5
PP-201,gc_adults,petitioner_petitioner_or_attorney_for_petitioner,text,4,Petitioner or Attorney for Petitioner,0.9,324.0,167.9,540.0,186.4
PP-201,gc_adults,petitioner_co_petitioner_if_any,text,4,Co-Petitioner (if any),0.9,324.0,202.4,540.0,220.9
PP-201,gc_adults,attorney_attorney_required_by_rule_11,text,4,Attorney (Required by Rule 11),0.9,324.0,236.9,540.0,255.4
PP-201,gc_adults,ward_full_name_6,text,4,Name,0.9,72.0,323.4,229.2,341.9
PP-201,gc_adults,ward_address_street_7,text,4,Address,0.9,72.0,352.3,229.2,370.8
PP-201,gc_adults,ward_address_street_8,text,4,Address,0.9,72.0,381.4,229.2,399.8
PP-201,gc_adults,ward_phone,text,4,Phone Number,0.9,72.0,409.3,229.2,427.8
PP-201,gc_adults,ward_maine_bar_number,text,4,Maine Bar Number,0.9,72.0,437.4,229.2,455.9
PP-201,gc_adults,ward_address_street_9,text,4,Email Address,0.9,72.0,465.7,229.2,484.2
PP-201,gc_adults,ward_1_18_c_m_r_s_5_302_2_b_and_5_302_2_c,text,4,1 18-C M.R.S. §§ 5-302(2)(B) and 5-302(2)(C).,0.9,72.0,578.0,216.0,596.6
PP-203,gc_adults,case_number,text,0,DOCKET NO.,0.9,422.5,115.0,540.0,133.4
PP-203,gc_adults,guardian_guardian,text,0,Guardian,0.9,324.0,490.1,540.0,508.6
PP-203,gc_adults,ward_by,text,0,By:,0.9,340.9,516.6,540.0,535.1
PP-203,gc_adults,ward_its,text,0,Its:,0.9,339.2,529.8,540.0,548.3
PP-205,gc_adults,case_number,text,0,DOCKET NO.,0.9,422.5,103.6,540.0,122.0
PP-205,gc_adults,ward_address_street,text,0,"and mailing address, if applicable)",0.7,72.0,229.2,472.0,269.1
PP-205,gc_adults,petitioner_sought_and_the_petitioner_s_interest_in_,text,0,sought) and the Petitioner’s interest in the appointment,0.7,72.0,298.0,472.0,326.6
PP-205,gc_adults,conservator_conservator_if_same_as_item_1_enter_same,text,0,"conservator (If same as item 1, enter “same”)",0.7,71.9,355.5,471.9,395.6
PP-205,gc_adults,ward_applicable,text,0,applicable),0.7,71.9,436.1,471.9,464.6
PP-205,gc_adults,ward_full_name,text,1,Name,0.9,66.8,134.5,203.8,153.0
PP-205,gc_adults,ward_address_street_2,text,1,Address,0.9,204.2,134.5,385.7,153.0
PP-205,gc_adults,respondent_relationship,text,1,Relationship to Respondent,0.9,386.2,134.5,545.2,153.0
PP-205,gc_adults,ward_full_name_2,text,1,Name,0.9,66.8,146.5,203.8,165.0
PP-205,gc_adults,ward_address_street_3,text,1,Address,0.9,204.2,146.5,385.7,165.0
PP-205,gc_adults,respondent_relationship_2,text,1,Relationship to Respondent,0.9,386.2,146.5,545.2,165.0
PP-205,gc_adults,ward_field,text,1,,0.7,66.8,182.3,203.8,200.8
PP-205,gc_adults,ward_field_2,text,1,,0.7,204.2,182.3,385.7,200.8
PP-205,gc_adults,ward_field_3,text,1,,0.7,386.2,182.3,545.2,200.8
PP-205,gc_adults,ward_field_4,text,1,,0.7,66.8,217.3,203.8,235.8
PP-205,gc_adults,ward_field_5,text,1,,0.7,204.2,217.3,385.7,235.8
PP-205,gc_adults,ward_field_6,text,1,,0.7,386.2,217.3,545.2,235.8
PP-205,gc_adults,ward_field_7,text,1,,0.7,66.8,252.4,203.8,270.8
PP-205,gc_adults,ward_field_8,text,1,,0.7,204.2,252.4,385.7,270.8
PP-205,gc_adults,ward_field_9,text,1,,0.7,386.2,252.4,545.2,270.8
PP-205,gc_adults,ward_field_10,text,1,,0.7,66.8,288.1,203.8,306.6
PP-205,gc_adults,ward_field_11,text,1,,0.7,204.2,288.1,385.7,306.6
PP-205,gc_adults,ward_field_12,text,1,,0.7,386.2,288.1,545.2,306.6
PP-205,gc_adults,ward_field_13,text,1,,0.7,66.8,323.2,203.8,341.6
PP-205,gc_adults,ward_field_14,text,1,,0.7,204.2,323.2,385.7,341.6
PP-205,gc_adults,ward_field_15,text,1,,0.7,386.2,323.2,545.2,341.6
PP-205,gc_adults,ward_field_16,text,1,,0.7,66.8,359.0,203.8,377.5
PP-205,gc_adults,ward_field_17,text,1,,0.7,204.2,359.0,385.7,377.5
PP-205,gc_adults,ward_field_18,text,1,,0.7,386.2,359.0,545.2,377.5
PP-205,gc_adults,ward_field_19,text,1,,0.7,66.8,394.8,203.8,413.3
PP-205,gc_adults,ward_field_20,text,1,,0.7,204.2,394.8,385.7,413.3
PP-205,gc_adults,ward_field_21,text,1,,0.7,386.2,394.8,545.2,413.3
PP-205,gc_adults,ward_field_22,text,1,,0.7,66.8,429.8,203.8,448.3
PP-205,gc_adults,ward_field_23,text,1,,0.7,204.2,429.8,385.7,448.3
PP-205,gc_adults,ward_field_24,text,1,,0.7,386.2,429.8,545.2,448.3
PP-205,gc_adults,ward_field_25,text,1,,0.7,66.8,465.6,203.8,484.1
PP-205,gc_adults,ward_field_26,text,1,,0.7,204.2,465.6,385.7,484.1
PP-205,gc_adults,ward_field_27,text,1,,0.7,386.2,465.6,545.2,484.1
PP-205,gc_adults,ward_field_28,text,1,,0.7,66.8,501.5,203.8,520.0
PP-205,gc_adults,ward_field_29,text,1,,0.7,204.2,501.5,385.7,520.0
PP-205,gc_adults,ward_field_30,text,1,,0.7,386.2,501.5,545.2,520.0
PP-205,gc_adults,ward_field_31,text,1,,0.7,66.8,536.5,203.8,555.0
PP-205,gc_adults,ward_field_32,text,1,,0.7,204.2,536.5,385.7,555.0
PP-205,gc_adults,ward_field_33,text,1,,0.7,386.2,536.5,545.2,555.0
PP-205,gc_adults,ward_field_34,text,1,,0.7,66.8,572.3,203.8,590.8
PP-205,gc_adults,ward_field_35,text,1,,0.7,204.2,572.3,385.7,590.8
PP-205,gc_adults,ward_field_36,text,1,,0.7,386.2,572.3,545.2,590.8
PP-205,gc_adults,ward_field_37,text,1,,0.7,66.8,608.0,203.8,626.5
PP-205,gc_adults,ward_field_38,text,1,,0.7,204.2,608.0,385.7,626.5
PP-205,gc_adults,ward_field_39,text,1,,0.7,386.2,608.0,545.2,626.5
PP-205,gc_adults,ward_field_40,text,1,,0.7,66.8,643.9,203.8,662.4
PP-205,gc_adults,ward_field_41,text,1,,0.7,204.2,643.9,385.7,662.4
PP-205,gc_adults,ward_field_42,text,1,,0.7,386.2,643.9,545.2,662.4
PP-205,gc_adults,ward_field_43,text,1,,0.7,66.8,679.7,203.8,698.2
PP-205,gc_adults,ward_field_44,text,1,,0.7,204.2,679.7,385.7,698.2
PP-205,gc_adults,ward_field_45,text,1,,0.7,386.2,679.7,545.2,698.2
PP-205,gc_adults,respondent_full_name,text,3,"Is Respondent currently represented by an attorney?  YES  NO  If yes, provide name and address of",0.7,72.0,534.9,472.0,575.0
PP-205,gc_adults,ward_full_name_3,text,3,Name,0.9,80.5,594.5,221.0,613.0
PP-205,gc_adults,ward_address_street_4,text,3,Address,0.9,221.5,594.5,531.5,613.0
PP-205,gc_adults,ward_full_name_4,text,3,Name,0.9,80.5,606.5,221.0,625.0
PP-205,gc_adults,ward_address_street_5,text,3,Address,0.9,221.5,606.5,531.5,625.0
PP-205,gc_adults,ward_full_name_5,text,3,Name,0.9,80.5,630.0,221.0,648.5
PP-205,gc_adults,ward_address_street_6,text,3,Address,0.9,221.5,630.0,531.5,648.5
PP-205,gc_adults,respondent_respondent_s_contact_if_any,text,3,Respondent’s contact (if any):,0.9,80.5,653.4,221.0,671.9
PP-205,gc_adults,respondent_respondent_s_contact_if_any_2,text,3,Respondent’s contact (if any):,0.9,221.5,653.4,531.5,671.9
PP-205,gc_adults,respondent_respondent_s_contact_if_any_3,text,3,Respondent’s contact (if any):,0.9,80.5,676.9,221.0,695.4
PP-205,gc_adults,respondent_respondent_s_contact_if_any_4,text,3,Respondent’s contact (if any):,0.9,221.5,676.9,531.5,695.4
PP-205,gc_adults,respondent_respondent_s_contact_if_any_5,text,3,Respondent’s contact (if any):,0.9,80.5,700.4,221.0,718.9
PP-205,gc_adults,respondent_respondent_s_contact_if_any_6,text,3,Respondent’s contact (if any):,0.9,221.5,700.4,531.5,718.9
PP-205,gc_adults,ward_amount,currency,4,ESTIMATED VALUE,0.9,360.0,110.4,453.0,128.9
PP-205,gc_adults,ward_asset,text,4,ASSET,0.9,66.8,123.0,305.4,141.5
PP-205,gc_adults,ward_amount_2,currency,4,ESTIMATED VALUE,0.9,305.9,123.0,544.3,141.5
PP-205,gc_adults,ward_of_any_other_anticipated_income_or_recei,text,4,of any other anticipated income or receipts of the,0.9,66.8,153.0,305.4,171.5
PP-205,gc_adults,ward_of_any_other_anticipated_income_or_recei_2,text,4,of any other anticipated income or receipts of the,0.9,305.9,153.0,544.3,171.5
PP-205,gc_adults,ward_of_any_other_anticipated_income_or_recei_3,text,4,of any other anticipated income or receipts of the,0.9,66.8,183.0,305.4,201.5
PP-205,gc_adults,ward_of_any_other_anticipated_income_or_recei_4,text,4,of any other anticipated income or receipts of the,0.9,305.9,183.0,544.3,201.5
PP-205,gc_adults,ward_field_46,text,4,,0.7,66.8,213.0,305.4,231.5
PP-205,gc_adults,ward_field_47,text,4,,0.7,305.9,213.0,544.3,231.5
PP-205,gc_adults,ward_field_48,text,4,,0.7,66.8,243.0,305.4,261.5
PP-205,gc_adults,ward_field_49,text,4,,0.7,305.9,243.0,544.3,261.5
PP-205,gc_adults,ward_field_50,text,4,,0.7,66.8,273.0,305.4,291.5
PP-205,gc_adults,ward_field_51,text,4,,0.7,305.9,273.0,544.3,291.5
PP-205,gc_adults,ward_field_52,text,4,,0.7,66.8,303.0,305.4,321.5
PP-205,gc_adults,ward_field_53,text,4,,0.7,305.9,303.0,544.3,321.5
PP-205,gc_adults,ward_field_54,text,4,,0.7,66.8,333.0,305.4,351.5
PP-205,gc_adults,ward_field_55,text,4,,0.7,305.9,333.0,544.3,351.5
PP-205,gc_adults,ward_field_56,text,4,,0.7,66.8,363.0,305.4,381.5
PP-205,gc_adults,ward_field_57,text,4,,0.7,305.9,363.0,544.3,381.5
PP-205,gc_adults,petitioner_petitioner_or_attorney_for_petitioner,text,5,Petitioner or Attorney for Petitioner,0.9,324.0,110.4,540.0,128.9
PP-205,gc_adults,petitioner_co_petitioner_if_any,text,5,Co-Petitioner (if any),0.9,324.0,145.0,540.0,163.4
PP-205,gc_adults,attorney_attorney_required_by_rule_11,text,5,Attorney (Required by Rule 11),0.9,324.0,179.4,540.0,197.9
PP-205,gc_adults,ward_full_name_6,text,5,Name,0.9,72.0,231.4,229.2,249.8
PP-205,gc_adults,ward_address_street_7,text,5,Address,0.9,72.0,260.4,229.2,278.9
PP-205,gc_adults,ward_address_street_8,text,5,Address,0.9,72.0,289.4,229.2,307.9
PP-205,gc_adults,ward_phone,text,5,Phone Number,0.9,72.0,317.4,229.2,335.9
PP-205,gc_adults,ward_maine_bar_number,text,5,Maine Bar Number,0.9,72.0,345.4,229.2,363.8
PP-205,gc_adults,ward_address_street_9,text,5,Email Address,0.9,72.0,373.8,229.2,392.3
PP-205,gc_adults,ward_1_18_c_m_r_s_5_302_b_5_302_c_5_402_2_b_a,text,5,"1 18-C M.R.S. §§ 5-302(B), 5-302(C), 5-402(2)(B) and 5-402(2)(C).",0.9,72.0,410.2,216.0,428.8
PP-207,gc_adults,case_number,text,0,DOCKET NO.,0.9,422.5,115.0,540.0,133.4
PP-207,gc_adults,guardian_address_street,text,0,Address of Guardian and Conservator for Court records,0.7,144.0,359.2,544.0,399.6
PP-207,gc_adults,guardian_guardian_and_conservator,text,0,Guardian and Conservator,0.9,324.0,536.2,540.0,554.6
PP-207,gc_adults,ward_by,text,0,By:,0.9,340.9,562.6,540.0,581.0
PP-207,gc_adults,ward_its,text,0,Its:,0.9,339.2,575.8,540.0,594.2
PP-209,gc_adults,case_number,text,0,DOCKET NO.,0.9,422.5,115.0,540.0,133.4
PP-209,gc_adults,ward_address_street,text,0,"mailing addresses, if applicable)",0.7,71.9,263.6,471.9,304.0
PP-209,gc_adults,guardian_guardian,text,2,Guardian,0.9,324.0,627.8,540.0,646.3
PP-209,gc_adults,guardian_co_guardian_if_any,text,2,Co-Guardian (if any),0.9,324.0,662.4,540.0,680.9
PP-210,gc_adults,case_number,text,0,DOCKET NO.,0.9,435.0,104.0,504.0,122.6
PP-210,gc_adults,guardian_individual_subject_to_guardianship_or_co,text,0,Individual Subject to Guardianship or Conservatorship,0.9,107.5,145.4,288.0,164.0
PP-210,gc_adults,guardian_full_name,text,0,"Name, address and phone number of Guardian(s)/Conservator(s)",0.7,108.0,223.0,508.0,258.4
PP-210,gc_adults,guardian_duly_appointed_guardian_s_and_or_conserv,text,0,duly appointed  Guardian(s) and/or  Conservator(s) of,0.9,138.0,297.2,486.0,315.8
PP-210,gc_adults,ward_was_were,text,0,", was/were",0.9,355.3,324.8,540.0,343.4
PP-210,gc_adults,ward_by,text,0,by,0.9,87.0,347.9,540.0,366.5
PP-210,gc_adults,ward_on,text,0,on,0.9,87.0,372.0,216.0,390.6
PP-210,gc_adults,court_register_was_filed_in_the_appointing_cou,text,0,Register was filed in the appointing Court on,0.9,291.4,478.9,396.0,497.5
PP-210,gc_adults,guardian_guardianship_conservatorship,text,0,guardianship/conservatorship.,0.9,72.0,547.9,402.0,566.5
PP-210,gc_adults,guardian_guardianship_conservatorship_2,text,0,guardianship/conservatorship.,0.9,104.0,589.3,216.0,607.9
PP-210,gc_adults,ward_field,text,0,,0.7,324.0,589.3,540.0,607.9
PP-210,gc_adults,guardian_guardian_s_conservator_s,text,0,Guardian(s)/Conservator(s),0.9,324.0,616.9,540.0,635.5
PP-210,gc_adults,ward_1_18_c_m_r_s_5_125,text,0,1 18-C M.R.S.§ 5-125,0.9,72.0,638.9,216.0,657.4
PP-401,gc_adults,case_number,text,0,DOCKET NO.,0.9,422.5,115.0,540.0,133.4
PP-401,gc_adults,ward_address_street,text,0,"address, if applicable)",0.7,72.0,240.7,472.0,280.6
PP-401,gc_adults,petitioner_petitioner_s_interest_in_the_appointment,text,0,Petitioner’s interest in the appointment,0.7,72.0,309.6,472.0,338.1
PP-401,gc_adults,ward_enter_same,text,0,enter “same”),0.7,72.0,367.0,472.0,407.1
PP-401,gc_adults,respondent_signature,signature,0,"Respondent will reside if this Petition is granted (designate both physical and mailing addresses, if applicable)",0.7,72.0,436.1,472.0,476.2
PP-401,gc_adults,respondent_age_of_the_respondent_approximate_age_if,text,0,Age of the Respondent (approximate age if exact age is unknown),0.7,72.0,493.6,472.0,510.7
PP-401,gc_adults,respondent_middle_name,text,0,Relationship to the Respondent of each nominee to become conservator or successor conservator,0.7,71.9,528.1,471.9,556.7
PP-401,gc_adults,ward_full_name,text,1,Name,0.9,66.8,111.5,203.8,130.0
PP-401,gc_adults,ward_address_street_2,text,1,Address,0.9,204.2,111.5,385.7,130.0
PP-401,gc_adults,respondent_relationship,text,1,Relationship to Respondent,0.9,386.2,111.5,545.2,130.0
PP-401,gc_adults,ward_full_name_2,text,1,Name,0.9,66.8,123.5,203.8,142.0
PP-401,gc_adults,ward_address_street_3,text,1,Address,0.9,204.2,123.5,385.7,142.0
PP-401,gc_adults,respondent_relationship_2,text,1,Relationship to Respondent,0.9,386.2,123.5,545.2,142.0
PP-401,gc_adults,ward_field,text,1,,0.7,66.8,159.2,203.8,177.7
PP-401,gc_adults,ward_field_2,text,1,,0.7,204.2,159.2,385.7,177.7
PP-401,gc_adults,ward_field_3,text,1,,0.7,386.2,159.2,545.2,177.7
PP-401,gc_adults,ward_field_4,text,1,,0.7,66.8,194.4,203.8,212.9
PP-401,gc_adults,ward_field_5,text,1,,0.7,204.2,194.4,385.7,212.9
PP-401,gc_adults,ward_field_6,text,1,,0.7,386.2,194.4,545.2,212.9
PP-401,gc_adults,ward_field_7,text,1,,0.7,66.8,229.3,203.8,247.8
PP-401,gc_adults,ward_field_8,text,1,,0.7,204.2,229.3,385.7,247.8
PP-401,gc_adults,ward_field_9,text,1,,0.7,386.2,229.3,545.2,247.8
PP-401,gc_adults,ward_field_10,text,1,,0.7,66.8,265.2,203.8,283.7
PP-401,gc_adults,ward_field_11,text,1,,0.7,204.2,265.2,385.7,283.7
PP-401,gc_adults,ward_field_12,text,1,,0.7,386.2,265.2,545.2,283.7
PP-401,gc_adults,ward_field_13,text,1,,0.7,66.8,300.2,203.8,318.7
PP-401,gc_adults,ward_field_14,text,1,,0.7,204.2,300.2,385.7,318.7
PP-401,gc_adults,ward_field_15,text,1,,0.7,386.2,300.2,545.2,318.7
PP-401,gc_adults,ward_field_16,text,1,,0.7,66.8,336.0,203.8,354.5
PP-401,gc_adults,ward_field_17,text,1,,0.7,204.2,336.0,385.7,354.5
PP-401,gc_adults,ward_field_18,text,1,,0.7,386.2,336.0,545.2,354.5
PP-401,gc_adults,ward_field_19,text,1,,0.7,66.8,371.8,203.8,390.2
PP-401,gc_adults,ward_field_20,text,1,,0.7,204.2,371.8,385.7,390.2
PP-401,gc_adults,ward_field_21,text,1,,0.7,386.2,371.8,545.2,390.2
PP-401,gc_adults,ward_field_22,text,1,,0.7,66.8,406.8,203.8,425.3
PP-401,gc_adults,ward_field_23,text,1,,0.7,204.2,406.8,385.7,425.3
PP-401,gc_adults,ward_field_24,text,1,,0.7,386.2,406.8,545.2,425.3
PP-401,gc_adults,ward_field_25,text,1,,0.7,66.8,442.7,203.8,461.2
PP-401,gc_adults,ward_field_26,text,1,,0.7,204.2,442.7,385.7,461.2
PP-401,gc_adults,ward_field_27,text,1,,0.7,386.2,442.7,545.2,461.2
PP-401,gc_adults,ward_field_28,text,1,,0.7,66.8,478.4,203.8,496.9
PP-401,gc_adults,ward_field_29,text,1,,0.7,204.2,478.4,385.7,496.9
PP-401,gc_adults,ward_field_30,text,1,,0.7,386.2,478.4,545.2,496.9
PP-401,gc_adults,ward_field_31,text,1,,0.7,66.8,513.5,203.8,532.0
PP-401,gc_adults,ward_field_32,text,1,,0.7,204.2,513.5,385.7,532.0
PP-401,gc_adults,ward_field_33,text,1,,0.7,386.2,513.5,545.2,532.0
PP-401,gc_adults,ward_field_34,text,1,,0.7,66.8,549.2,203.8,567.7
PP-401,gc_adults,ward_field_35,text,1,,0.7,204.2,549.2,385.7,567.7
PP-401,gc_adults,ward_field_36,text,1,,0.7,386.2,549.2,545.2,567.7
PP-401,gc_adults,ward_field_37,text,1,,0.7,66.8,585.1,203.8,603.6
PP-401,gc_adults,ward_field_38,text,1,,0.7,204.2,585.1,385.7,603.6
PP-401,gc_adults,ward_field_39,text,1,,0.7,386.2,585.1,545.2,603.6
PP-401,gc_adults,ward_field_40,text,1,,0.7,66.8,620.9,203.8,639.4
PP-401,gc_adults,ward_field_41,text,1,,0.7,204.2,620.9,385.7,639.4
PP-401,gc_adults,ward_field_42,text,1,,0.7,386.2,620.9,545.2,639.4
PP-401,gc_adults,ward_field_43,text,1,,0.7,66.8,656.6,203.8,675.1
PP-401,gc_adults,ward_field_44,text,1,,0.7,204.2,656.6,385.7,675.1
PP-401,gc_adults,ward_field_45,text,1,,0.7,386.2,656.6,545.2,675.1
PP-401,gc_adults,ward_field_46,text,1,,0.7,66.8,692.5,203.8,711.0
PP-401,gc_adults,ward_field_47,text,1,,0.7,204.2,692.5,385.7,711.0
PP-401,gc_adults,ward_field_48,text,1,,0.7,386.2,692.5,545.2,711.0
PP-401,gc_adults,respondent_full_name,text,3,"Is Respondent currently represented by an attorney?  YES  NO  If yes, provide name and address of",0.7,72.0,178.4,472.0,195.5
PP-401,gc_adults,ward_amount,currency,3,ESTIMATED VALUE,0.9,360.0,225.4,453.0,243.8
PP-401,gc_adults,ward_asset,text,3,ASSET,0.9,66.8,238.0,305.4,256.4
PP-401,gc_adults,ward_amount_2,currency,3,ESTIMATED VALUE,0.9,305.9,238.0,544.3,256.4
PP-401,gc_adults,ward_amount_3,currency,3,"or pension amounts, as well as the source and amount of any",0.9,66.8,268.0,305.4,286.4
PP-401,gc_adults,ward_amount_4,currency,3,"or pension amounts, as well as the source and amount of any",0.9,305.9,268.0,544.3,286.4
PP-401,gc_adults,ward_amount_5,currency,3,"or pension amounts, as well as the source and amount of any",0.9,66.8,298.0,305.4,316.4
PP-401,gc_adults,ward_amount_6,currency,3,"or pension amounts, as well as the source and amount of any",0.9,305.9,298.0,544.3,316.4
PP-401,gc_adults,ward_field_49,text,3,,0.7,66.8,328.0,305.4,346.4
PP-401,gc_adults,ward_field_50,text,3,,0.7,305.9,328.0,544.3,346.4
PP-401,gc_adults,ward_field_51,text,3,,0.7,66.8,358.0,305.4,376.4
PP-401,gc_adults,ward_field_52,text,3,,0.7,305.9,358.0,544.3,376.4
PP-401,gc_adults,ward_field_53,text,3,,0.7,66.8,388.0,305.4,406.4
PP-401,gc_adults,ward_field_54,text,3,,0.7,305.9,388.0,544.3,406.4
PP-401,gc_adults,ward_field_55,text,3,,0.7,66.8,418.0,305.4,436.4
PP-401,gc_adults,ward_field_56,text,3,,0.7,305.9,418.0,544.3,436.4
PP-401,gc_adults,ward_field_57,text,3,,0.7,66.8,448.0,305.4,466.4
PP-401,gc_adults,ward_field_58,text,3,,0.7,305.9,448.0,544.3,466.4
PP-401,gc_adults,respondent_14_does_respondent_require_an_interprete,text,3,"14.  Does Respondent require an interpreter, translator or other form of support to communicate effectively with the",0.9,66.8,478.0,305.4,496.4
PP-401,gc_adults,respondent_14_does_respondent_require_an_interprete_2,text,3,"14.  Does Respondent require an interpreter, translator or other form of support to communicate effectively with the",0.9,305.9,478.0,544.3,496.4
PP-401,gc_adults,petitioner_petitioner_or_attorney_for_petitioner,text,4,Petitioner or Attorney for Petitioner,0.9,324.0,145.0,540.0,163.4
PP-401,gc_adults,petitioner_co_petitioner_if_any,text,4,Co-Petitioner (if any),0.9,324.0,179.4,540.0,197.9
PP-401,gc_adults,attorney_attorney_required_by_rule_11,text,4,Attorney (Required by Rule 11),0.9,324.0,214.0,540.0,232.4
PP-401,gc_adults,ward_full_name_3,text,4,Name,0.9,72.0,300.4,229.2,318.8
PP-401,gc_adults,ward_address_street_4,text,4,Address,0.9,72.0,329.4,229.2,347.9
PP-401,gc_adults,ward_address_street_5,text,4,Address,0.9,72.0,358.4,229.2,376.9
PP-401,gc_adults,ward_phone,text,4,Phone Number,0.9,72.0,386.4,229.2,404.9
PP-401,gc_adults,ward_maine_bar_number,text,4,Maine Bar Number,0.9,72.0,414.4,229.2,432.8
PP-401,gc_adults,ward_address_street_6,text,4,Email Address,0.9,72.0,442.8,229.2,461.3
PP-401,gc_adults,ward_1_18_c_m_r_s_5_402_2_b_and_5_402_2_c,text,4,1 18-C M.R.S. § 5-402(2)(B) and 5-402(2)(C).,0.9,72.0,536.6,216.0,555.2
PP-402,gc_adults,case_number,text,0,DOCKET NO.,0.9,422.5,115.0,540.0,133.4
PP-402,gc_adults,conservator_address_street,text,0,Address of Conservator for Court records,0.7,144.0,347.7,544.0,388.1
PP-402,gc_adults,conservator_conservator,text,0,Conservator,0.9,324.0,513.1,540.0,531.6
PP-402,gc_adults,ward_by,text,0,By:,0.9,340.9,539.5,540.0,558.0
PP-402,gc_adults,ward_its,text,0,Its:,0.9,339.2,552.8,540.0,571.3
PP-405,gc_adults,case_number,text,0,DOCKET NO.,0.9,422.5,115.0,540.0,133.4
PP-405,gc_adults,ward_as_principal_s_and,text,0,"as principal(s), and",0.9,150.8,264.7,324.0,283.2
PP-405,gc_adults,ward_of,text,0,of,0.9,337.3,264.7,540.0,283.2
PP-405,gc_adults,ward_and,text,0,and,0.9,88.9,291.4,324.0,309.8
PP-405,gc_adults,ward_of_2,text,0,of,0.9,337.3,291.4,540.0,309.8
PP-405,gc_adults,ward_date_signed,date,0,Dated:,0.9,101.2,515.2,288.0,533.6
PP-405,gc_adults,witness_witness,text,0,Witness,0.9,72.0,550.1,288.0,568.6
PP-405,gc_adults,conservator_conservator,text,0,Conservator,0.9,324.0,550.1,540.0,568.6
PP-405,gc_adults,witness_witness_2,text,0,Witness,0.9,72.0,584.6,288.0,603.1
PP-405,gc_adults,conservator_co_conservator_if_applicable,text,0,Co-Conservator (if applicable),0.9,324.0,584.6,540.0,603.1
PP-405,gc_adults,witness_witness_3,text,0,Witness,0.9,72.0,619.1,288.0,637.6
PP-405,gc_adults,surety_surety,text,0,Surety,0.9,324.0,619.1,540.0,637.6
PP-405,gc_adults,witness_witness_4,text,0,Witness,0.9,72.0,653.6,288.0,672.1
PP-405,gc_adults,surety_surety_2,text,0,Surety,0.9,324.0,653.6,540.0,672.1
PP-405,gc_adults,ward_amount,currency,1,Gross value of pledged Personal Property: $,0.9,266.0,110.4,432.0,128.9
PP-405,gc_adults,surety_full_name,text,1,Name of Surety (No.1),0.9,72.0,129.0,288.0,147.5
PP-405,gc_adults,surety_full_name_2,text,1,Name of Surety (No.2),0.9,324.0,129.0,540.0,147.5
PP-405,gc_adults,ward_description,text,1,Description of Pledged Personal Property:,0.9,95.5,163.0,261.5,181.4
PP-405,gc_adults,ward_description_2,text,1,Description of Pledged Personal Property:,0.9,347.5,163.0,513.5,181.4
PP-405,gc_adults,ward_amount_2,currency,1,Gross value of pledged Real Property: $,0.9,250.0,381.4,432.0,399.8
PP-405,gc_adults,surety_full_name_3,text,1,Name of Surety (No.1),0.9,72.0,400.0,288.0,418.4
PP-405,gc_adults,surety_full_name_4,text,1,Name of Surety (No.2),0.9,324.0,400.0,540.0,418.4
PP-405,gc_adults,ward_description_3,text,1,Description of Pledged Real Property:,0.9,103.6,428.4,253.4,446.9
PP-405,gc_adults,ward_description_4,text,1,Description of Pledged Real Property:,0.9,355.6,428.4,505.4,446.9
PP-405,gc_adults,ward_address_street,text,1,Physical Address of Real Property,0.7,109.7,516.4,509.7,556.8
PP-405,gc_adults,ward_address_street_2,text,1,Physical Address of Real Property,0.7,361.7,516.4,572.0,556.8
PP-405,gc_adults,ward_description_5,text,1,Description of Pledged Real Property:,0.9,103.6,551.9,253.4,570.4
PP-405,gc_adults,ward_description_6,text,1,Description of Pledged Real Property:,0.9,355.6,551.9,505.4,570.4
PP-405,gc_adults,surety_surety_3,text,2,Surety,0.9,324.0,149.5,504.0,168.0
PP-405,gc_adults,ward_date_signed_2,date,2,DATED:,0.9,399.1,211.6,540.0,230.0
PP-405,gc_adults,attorney_notary_public_register_of_probate_attorn,text,2,Notary Public/Register of Probate/Attorney at Law,0.9,324.0,280.6,540.0,299.0
PP-405,gc_adults,ward_full_name,text,2,Typed or printed name of officer taking oath,0.9,324.0,315.1,540.0,333.6
PP-405,gc_adults,ward_full_name_2,text,2,Typed or printed name of officer taking oath,0.7,324.0,348.6,572.0,365.3
PP-405,gc_adults,surety_surety_4,text,2,Surety,0.9,324.0,446.2,504.0,464.6
PP-405,gc_adults,ward_date_signed_3,date,2,DATED:,0.9,399.1,508.3,540.0,526.8
PP-405,gc_adults,attorney_notary_public_register_of_probate_attorn_2,text,2,Notary Public/Register of Probate/Attorney at Law,0.9,324.0,577.3,540.0,595.8
PP-405,gc_adults,ward_full_name_3,text,2,Typed or printed name of officer taking oath,0.9,324.0,611.8,540.0,630.2
PP-405,gc_adults,surety_full_name_5,text,3,"If this bond is used by a corporate surety, endorse here, giving the name of the corporate surety and the name",0.7,108.0,109.3,508.0,126.8
PP-405,gc_adults,surety_full_name_6,text,3,Name of Corporate Surety,0.7,90.0,144.1,490.0,161.3
PP-405,gc_adults,surety_address_street,text,3,Address and Phone Number for Corporate Surety,0.7,90.0,178.5,490.0,195.9
PP-405,gc_adults,ward_full_name_4,text,3,Name and Authority of Officer Executing Bond,0.7,90.0,213.1,490.0,241.1
PP-405,gc_adults,ward_date_signed_4,date,3,Dated:,0.9,103.3,355.3,259.0,373.8
PP-405,gc_adults,court_register_of_probate,text,3,Register of Probate,0.9,360.0,355.3,540.0,373.8
PP-406,gc_adults,case_number,text,0,DOCKET NO.,0.9,422.5,115.0,540.0,133.4
PP-406,gc_adults,ward_in_re,text,0,In Re:,0.9,108.5,149.6,315.0,168.1
PP-406,gc_adults,ward_item,text,0,ITEM,0.9,72.5,230.0,127.3,248.5
PP-406,gc_adults,ward_description,text,0,PROPERTY DESCRIPTION,0.9,127.8,230.0,288.5,248.5
PP-406,gc_adults,ward_encumbrances_if_any,text,0,"ENCUMBRANCES, IF ANY",0.9,289.0,230.0,400.0,248.5
PP-406,gc_adults,ward_encumbrances_if_any_2,text,0,"ENCUMBRANCES, IF ANY",0.9,400.4,230.0,539.5,248.5
PP-406,gc_adults,ward_number,text,0,NUMBER,0.9,72.5,265.1,127.3,283.6
PP-406,gc_adults,ward_and_nature_of_interest,text,0,and nature of interest ),0.9,127.8,265.1,288.5,283.6
PP-406,gc_adults,ward_a_real_property,text,0,A. REAL PROPERTY*,0.9,289.0,265.1,400.0,283.6
PP-406,gc_adults,ward_book_and_page_if_recorded,text,0,book and page if recorded),0.9,400.4,265.1,539.5,283.6
PP-406,gc_adults,ward_number_2,text,0,NUMBER,0.9,72.5,279.4,127.3,297.8
PP-406,gc_adults,ward_a_real_property_2,text,0,A. REAL PROPERTY*,0.9,127.8,279.4,288.5,297.8
PP-406,gc_adults,ward_a_real_property_3,text,0,A. REAL PROPERTY*,0.9,289.0,279.4,400.0,297.8
PP-406,gc_adults,ward_book_and_page_if_recorded_2,text,0,book and page if recorded),0.9,400.4,279.4,539.5,297.8
PP-406,gc_adults,ward_2_row_4,text,0,2 (row 4),0.7,73.0,356.8,126.3,412.3
PP-406,gc_adults,ward_and_nature_of_interest_row_4,text,0,and nature of interest ) (row 4),0.7,128.3,356.8,287.5,412.3
PP-406,gc_adults,ward_a_real_property_row_4,text,0,A. REAL PROPERTY* (row 4),0.7,289.5,356.8,399.0,412.3
PP-406,gc_adults,ward_book_and_page_if_recorded_row_4,text,0,book and page if recorded) (row 4),0.7,401.0,356.8,538.5,412.3
PP-406,gc_adults,ward_3_row_8,text,0,3 (row 8),0.7,73.0,414.8,126.3,470.4
PP-406,gc_adults,ward_and_nature_of_interest_row_8,text,0,and nature of interest ) (row 8),0.7,128.3,414.8,287.5,470.4
PP-406,gc_adults,ward_a_real_property_row_8,text,0,A. REAL PROPERTY* (row 8),0.7,289.5,414.8,399.0,470.4
PP-406,gc_adults,ward_book_and_page_if_recorded_row_8,text,0,book and page if recorded) (row 8),0.7,401.0,414.8,538.5,470.4
PP-406,gc_adults,ward_4_row_12,text,0,4 (row 12),0.7,73.0,472.8,126.3,528.3
PP-406,gc_adults,ward_a_real_property_row_12,text,0,A. REAL PROPERTY* (row 12),0.7,128.3,472.8,287.5,528.3
PP-406,gc_adults,ward_a_real_property_row_12_2,text,0,A. REAL PROPERTY* (row 12),0.7,289.5,472.8,399.0,528.3
PP-406,gc_adults,ward_field,text,0,,0.5,401.0,472.8,538.5,528.3
PP-406,gc_adults,ward_5_row_16,text,0,5 (row 16),0.7,73.0,530.8,126.3,586.3
PP-406,gc_adults,ward_field_2,text,0,,0.5,128.3,530.8,287.5,586.3
PP-406,gc_adults,ward_field_3,text,0,,0.5,289.5,530.8,399.0,586.3
PP-406,gc_adults,ward_field_4,text,0,,0.5,401.0,530.8,538.5,586.3
PP-406,gc_adults,ward_field_5,text,0,,0.7,73.0,627.4,127.3,645.8
PP-406,gc_adults,ward_field_6,text,0,,0.7,127.8,627.4,288.5,645.8
PP-406,gc_adults,ward_amount,currency,0,$ _____________________,0.9,289.4,627.4,400.0,645.8
PP-406,gc_adults,ward_amount_2,currency,0,$ _____________________,0.9,400.9,627.4,539.5,645.8
PP-406,gc_adults,ward_item_2,text,1,ITEM,0.9,107.9,65.5,318.0,84.0
PP-406,gc_adults,ward_amount_3,currency,1,VALUE,0.9,318.5,65.5,438.4,84.0
PP-406,gc_adults,ward_encumbrances,text,1,"ENCUMBRANCES,",0.9,438.8,65.5,554.3,84.0
PP-406,gc_adults,ward_number_3,text,1,NUMBER,0.9,107.9,89.0,318.0,107.5
PP-406,gc_adults,ward_amount_4,currency,1,VALUE,0.9,318.5,89.0,438.4,107.5
PP-406,gc_adults,ward_if_any,text,1,IF ANY,0.9,438.8,89.0,554.3,107.5
PP-406,gc_adults,ward_b_tangible_personal_property,text,1,B. TANGIBLE PERSONAL PROPERTY,0.9,107.9,103.3,318.0,121.8
PP-406,gc_adults,ward_b_tangible_personal_property_2,text,1,B. TANGIBLE PERSONAL PROPERTY,0.9,318.5,103.3,438.4,121.8
PP-406,gc_adults,ward_if_any_2,text,1,IF ANY,0.9,438.8,103.3,554.3,121.8
PP-406,gc_adults,ward_b_tangible_personal_property_3,text,1,B. TANGIBLE PERSONAL PROPERTY,0.9,107.9,126.8,318.0,145.3
PP-406,gc_adults,ward_b_tangible_personal_property_4,text,1,B. TANGIBLE PERSONAL PROPERTY,0.9,318.5,126.8,438.4,145.3
PP-406,gc_adults,ward_field_7,text,1,,0.7,438.8,126.8,554.3,145.3
PP-406,gc_adults,ward_field_8,text,1,,0.7,107.9,150.2,318.0,168.7
PP-406,gc_adults,ward_field_9,text,1,,0.7,318.5,150.2,438.4,168.7
PP-406,gc_adults,ward_field_10,text,1,,0.7,438.8,150.2,554.3,168.7
PP-406,gc_adults,ward_field_11,text,1,,0.7,107.9,173.8,318.0,192.2
PP-406,gc_adults,ward_field_12,text,1,,0.7,318.5,173.8,438.4,192.2
PP-406,gc_adults,ward_field_13,text,1,,0.7,438.8,173.8,554.3,192.2
PP-406,gc_adults,ward_field_14,text,1,,0.7,107.9,197.3,318.0,215.8
PP-406,gc_adults,ward_field_15,text,1,,0.7,318.5,197.3,438.4,215.8
PP-406,gc_adults,ward_field_16,text,1,,0.7,438.8,197.3,554.3,215.8
PP-406,gc_adults,ward_field_17,text,1,,0.7,107.9,220.8,318.0,239.3
PP-406,gc_adults,ward_field_18,text,1,,0.7,318.5,220.8,438.4,239.3
PP-406,gc_adults,ward_field_19,text,1,,0.7,438.8,220.8,554.3,239.3
PP-406,gc_adults,ward_field_20,text,1,,0.7,107.9,244.3,318.0,262.8
PP-406,gc_adults,ward_field_21,text,1,,0.7,318.5,244.3,438.4,262.8
PP-406,gc_adults,ward_field_22,text,1,,0.7,438.8,244.3,554.3,262.8
PP-406,gc_adults,ward_field_23,text,1,,0.7,107.9,267.8,318.0,286.3
PP-406,gc_adults,ward_field_24,text,1,,0.7,318.5,267.8,438.4,286.3
PP-406,gc_adults,ward_field_25,text,1,,0.7,438.8,267.8,554.3,286.3
PP-406,gc_adults,ward_field_26,text,1,,0.7,107.9,291.2,318.0,309.7
PP-406,gc_adults,ward_field_27,text,1,,0.7,318.5,291.2,438.4,309.7
PP-406,gc_adults,ward_field_28,text,1,,0.7,438.8,291.2,554.3,309.7
PP-406,gc_adults,ward_field_29,text,1,,0.7,107.9,314.8,318.0,333.2
PP-406,gc_adults,ward_field_30,text,1,,0.7,318.5,314.8,438.4,333.2
PP-406,gc_adults,ward_field_31,text,1,,0.7,438.8,314.8,554.3,333.2
PP-406,gc_adults,ward_field_32,text,1,,0.7,107.9,338.3,318.0,356.8
PP-406,gc_adults,ward_field_33,text,1,,0.7,318.5,338.3,438.4,356.8
PP-406,gc_adults,ward_field_34,text,1,,0.7,438.8,338.3,554.3,356.8
PP-406,gc_adults,ward_c_intangible_personal_property,text,1,C. INTANGIBLE PERSONAL PROPERTY,0.9,107.9,361.8,318.0,380.3
PP-406,gc_adults,ward_c_intangible_personal_property_2,text,1,C. INTANGIBLE PERSONAL PROPERTY,0.9,318.5,361.8,438.4,380.3
PP-406,gc_adults,ward_c_intangible_personal_property_3,text,1,C. INTANGIBLE PERSONAL PROPERTY,0.9,438.8,361.8,554.3,380.3
PP-406,gc_adults,ward_c_intangible_personal_property_4,text,1,C. INTANGIBLE PERSONAL PROPERTY,0.9,107.9,376.1,318.0,394.6
PP-406,gc_adults,ward_c_intangible_personal_property_5,text,1,C. INTANGIBLE PERSONAL PROPERTY,0.9,318.5,376.1,438.4,394.6
PP-406,gc_adults,ward_encumbrances_2,text,1,"ENCUMBRANCES,",0.9,438.8,376.1,554.3,394.6
PP-406,gc_adults,ward_digits_of_account_number_and_type_of_acc,text,1,digits of account number and type of account),0.9,107.9,422.5,318.0,441.0
PP-406,gc_adults,ward_digits_of_account_number_and_type_of_acc_2,text,1,digits of account number and type of account),0.9,318.5,422.5,438.4,441.0
PP-406,gc_adults,ward_if_any_3,text,1,IF ANY,0.9,438.8,422.5,554.3,441.0
PP-406,gc_adults,ward_digits_of_account_number_and_type_of_acc_3,text,1,digits of account number and type of account),0.9,107.9,446.0,318.0,464.5
PP-406,gc_adults,ward_field_35,text,1,,0.7,318.5,446.0,438.4,464.5
PP-406,gc_adults,ward_field_36,text,1,,0.7,438.8,446.0,554.3,464.5
PP-406,gc_adults,ward_field_37,text,1,,0.7,107.9,469.6,318.0,488.0
PP-406,gc_adults,ward_field_38,text,1,,0.7,318.5,469.6,438.4,488.0
PP-406,gc_adults,ward_field_39,text,1,,0.7,438.8,469.6,554.3,488.0
PP-406,gc_adults,ward_field_40,text,1,,0.7,107.9,493.1,318.0,511.6
PP-406,gc_adults,ward_field_41,text,1,,0.7,318.5,493.1,438.4,511.6
PP-406,gc_adults,ward_field_42,text,1,,0.7,438.8,493.1,554.3,511.6
PP-406,gc_adults,ward_field_43,text,1,,0.7,107.9,516.6,318.0,535.1
PP-406,gc_adults,ward_field_44,text,1,,0.7,318.5,516.6,438.4,535.1
PP-406,gc_adults,ward_field_45,text,1,,0.7,438.8,516.6,554.3,535.1
PP-406,gc_adults,ward_field_46,text,1,,0.7,107.9,540.0,318.0,558.5
PP-406,gc_adults,ward_field_47,text,1,,0.7,318.5,540.0,438.4,558.5
PP-406,gc_adults,ward_field_48,text,1,,0.7,438.8,540.0,554.3,558.5
PP-406,gc_adults,ward_field_49,text,1,,0.7,107.9,563.5,318.0,582.0
PP-406,gc_adults,ward_field_50,text,1,,0.7,318.5,563.5,438.4,582.0
PP-406,gc_adults,ward_field_51,text,1,,0.7,438.8,563.5,554.3,582.0
PP-406,gc_adults,ward_field_52,text,1,,0.7,107.9,587.0,318.0,605.5
PP-406,gc_adults,ward_field_53,text,1,,0.7,318.5,587.0,438.4,605.5
PP-406,gc_adults,ward_field_54,text,1,,0.7,438.8,587.0,554.3,605.5
PP-406,gc_adults,ward_field_55,text,1,,0.7,108.4,610.6,318.0,629.0
PP-406,gc_adults,ward_amount_5,currency,1,$ _____________________,0.9,319.0,610.6,438.4,629.0
PP-406,gc_adults,ward_amount_6,currency,1,$ _____________________,0.9,439.3,610.6,554.3,629.0
PP-406,gc_adults,ward_amount_7,currency,2,Gross Value of Inventory:,0.9,72.0,129.8,286.4,148.3
PP-406,gc_adults,ward_amount_8,currency,2,Gross Value of Inventory:,0.9,287.9,129.8,442.2,148.3
PP-406,gc_adults,ward_amount_9,currency,2,Net Value of Inventory:,0.9,72.0,214.2,286.4,232.7
PP-406,gc_adults,ward_amount_10,currency,2,Net Value of Inventory:,0.9,287.9,214.2,442.2,232.7
PP-406,gc_adults,ward_date_signed,date,2,Dated:,0.9,101.2,411.2,288.0,429.7
PP-406,gc_adults,conservator_conservator,text,2,Conservator,0.9,360.0,411.2,540.0,429.7
PP-406,gc_adults,ward_full_name,text,2,Name,0.9,94.6,463.3,304.2,481.8
PP-406,gc_adults,ward_address_street,text,2,Address,0.9,94.6,492.8,304.2,511.3
PP-406,gc_adults,ward_address_street_2,text,2,Address,0.9,94.6,522.5,304.2,541.0
PP-406,gc_adults,ward_phone,text,2,Phone Number,0.9,94.6,551.0,304.2,569.5
PP-406,gc_adults,ward_maine_bar_number,text,2,Maine Bar Number,0.9,94.6,579.7,304.2,598.2
PP-406,gc_adults,ward_address_street_3,text,2,Email Address,0.9,94.6,608.0,304.2,626.5
PP-407,gc_adults,case_number,text,0,DOCKET NO.,0.9,422.5,115.0,540.0,133.4
PP-407,gc_adults,ward_1_the_inventory_or_prior_account_showed_,text,0,"1.  The inventory or prior account showed (Note: fill in every line.  If zero, enter “0”).",0.9,365.0,278.3,504.0,296.8
PP-407,gc_adults,ward_amount,currency,0,Tangible personal property with a net value of,0.9,365.0,301.3,504.0,319.8
PP-407,gc_adults,ward_amount_2,currency,0,Intangible personal property with a net value of,0.9,365.0,324.2,504.0,342.7
PP-407,gc_adults,ward_the_inventory_or_prior_account_showed_no,text,0,The inventory or prior account showed (Note: fill in every,0.9,365.0,347.3,504.0,365.8
PP-407,gc_adults,conservator_last_name,date,0,"2.  Since the date of the inventory or last accounting, the Conservatorship Estate has had:",0.9,365.0,416.3,504.0,434.8
PP-407,gc_adults,ward_amount_3,currency,0,$____________________________,0.9,365.0,439.3,504.0,457.8
PP-407,gc_adults,ward_amount_4,currency,0,$____________________________,0.9,365.0,485.3,504.0,503.8
PP-407,gc_adults,ward_amount_5,currency,0,$____________________________,0.9,365.0,577.3,504.0,595.8
PP-407,gc_adults,conservator_address_state,currency,0,Current net Conservatorship Estate balances are:,0.9,365.0,600.2,504.0,618.7
PP-407,gc_adults,conservator_address_state_2,currency,0,Current net Conservatorship Estate balances are:,0.9,365.0,623.3,504.0,641.8
PP-407,gc_adults,ward_date_signed,date,1,Dated:,0.9,101.0,130.0,271.0,148.4
PP-407,gc_adults,conservator_conservator,text,1,Conservator,0.9,324.2,130.0,528.4,148.4
PP-407,gc_adults,ward_full_name,text,1,"Print name, address and phone number below",0.7,325.6,175.8,572.0,194.3
PP-407,gc_adults,ward_full_name_2,text,1,Name,0.9,72.0,254.0,271.9,272.5
PP-407,gc_adults,ward_address_street,text,1,Address,0.9,72.0,283.4,271.9,301.9
PP-407,gc_adults,ward_address_street_2,text,1,Address,0.9,72.0,312.7,271.9,331.2
PP-407,gc_adults,ward_phone,text,1,Phone Number,0.9,72.0,341.0,271.9,359.5
PP-407,gc_adults,ward_maine_bar_number,text,1,Maine Bar Number,0.9,72.0,369.2,271.9,387.7
PP-407,gc_adults,ward_address_street_3,text,1,Email Address,0.9,72.0,397.7,271.9,416.2
PP-407,gc_adults,ward_address_street_4,text,1,Email Address,0.7,72.0,428.2,472.0,463.0
PP-408,gc_adults,case_number,text,0,DOCKET NO.,0.9,408.1,126.5,525.6,145.0
PP-408,gc_adults,claimant_full_name,text,0,Name of Claimant,0.7,57.6,239.3,457.6,256.8
PP-408,gc_adults,claimant_address_street,text,0,Address of Claimant,0.7,57.6,273.9,457.6,302.8
PP-408,gc_adults,ward_full_name,text,1,Name,0.9,57.6,82.0,214.8,100.4
PP-408,gc_adults,ward_address_street,text,1,Address,0.9,57.6,110.9,214.8,129.4
PP-408,gc_adults,ward_address_street_2,text,1,Address,0.9,57.6,139.9,214.8,158.4
PP-408,gc_adults,ward_phone,text,1,Phone Number,0.9,57.6,167.9,214.8,186.4
PP-408,gc_adults,ward_maine_bar_number,text,1,Maine Bar Number,0.9,57.6,196.0,214.8,214.4
PP-408,gc_adults,ward_address_street_3,text,1,Email Address,0.9,57.6,224.3,214.8,242.8
PP-408,gc_adults,conservator_decisions_by_conservator_s,text,1,Decisions by Conservator(s),0.7,57.6,275.8,457.6,293.7
PP-408,gc_adults,ward_full_name_2,text,1,Name,0.9,57.6,421.8,260.8,440.3
PP-408,gc_adults,ward_address_street_4,text,1,Address,0.9,57.6,451.1,260.8,469.6
PP-408,gc_adults,ward_address_street_5,text,1,Address,0.9,57.6,480.4,260.8,498.8
PP-408,gc_adults,ward_phone_2,text,1,Phone Number,0.9,57.6,508.7,260.8,527.2
PP-408,gc_adults,ward_maine_bar_number_2,text,1,Maine Bar Number,0.9,57.6,537.0,260.8,555.5
PP-409,gc_adults,case_number,text,0,DOCKET NO.,0.9,408.1,119.5,525.6,138.0
PP-409,gc_adults,petitioner_full_name,text,0,"Name, address and email address of Petitioner",0.7,57.6,222.0,457.6,250.6
PP-409,gc_adults,petitioner_to_the_best_understanding_of_the_petitio,text,0,"To the best understanding of the Petitioner, the following factual or legal issues are in dispute",0.7,57.6,325.5,457.6,365.6
PP-409,gc_adults,ward_documentary_evidence_and_expected_testim,text,0,"documentary evidence and expected testimony, which will support those facts)",0.7,57.6,394.5,457.6,434.6
PP-409,gc_adults,ward_full_name,text,0,Name,0.9,57.6,574.0,214.8,592.4
PP-409,gc_adults,ward_address_street,text,0,Address,0.9,57.6,603.0,214.8,621.5
PP-409,gc_adults,ward_address_street_2,text,0,Address,0.9,57.6,631.9,214.8,650.4
PP-409,gc_adults,ward_phone,text,0,Phone Number,0.9,57.6,660.0,214.8,678.5
PP-409,gc_adults,ward_maine_bar_number,text,0,Maine Bar Number,0.9,57.6,688.0,214.8,706.4
PP-409,gc_adults,ward_address_street_3,text,0,Email Address,0.9,57.6,716.4,214.8,734.9
PP-409,gc_adults,ward_address_street_4,text,0,Email Address,0.7,57.6,746.8,457.6,790.0
PP-409,gc_adults,conservator_amount,currency,1,The Conservator shall pay to the Claimant the sum of $,0.9,315.2,206.9,453.6,225.4
PP-409,gc_adults,ward_1_18_c_m_r_s_5_428,text,1,1 18-C M.R.S. § 5-428.,0.9,57.6,535.9,237.6,554.4
PP-410,gc_adults,case_number,text,0,DOCKET NO.,0.9,422.5,103.6,540.0,122.0
PP-410,gc_adults,petitioner_signature,signature,0,"Full legal name, address and email address of Petitioner or Petitioners (designate both physical and mailing",0.7,71.9,206.0,471.9,234.6
PP-410,gc_adults,ward_address_street,text,0,"address, if applicable)",0.7,71.9,217.7,471.9,234.6
PP-410,gc_adults,petitioner_interest_of_petitioner,text,0,Interest of Petitioner,0.7,71.9,252.1,471.9,269.1
PP-410,gc_adults,ward_applicable,text,0,applicable),0.7,71.9,298.0,471.9,326.6
PP-410,gc_adults,ward_grant_other_appropriate_relief_as_follow,text,0, Grant other appropriate relief as follows,0.7,108.0,585.5,508.0,625.6
PP-410,gc_adults,ward_full_name,text,1,Name,0.9,66.8,169.0,203.8,187.4
PP-410,gc_adults,ward_address_street_2,text,1,Address,0.9,204.2,169.0,385.7,187.4
PP-410,gc_adults,respondent_relationship,text,1,Relationship to Respondent,0.9,386.2,169.0,545.2,187.4
PP-410,gc_adults,ward_full_name_2,text,1,Name,0.9,66.8,181.0,203.8,199.4
PP-410,gc_adults,ward_address_street_3,text,1,Address,0.9,204.2,181.0,385.7,199.4
PP-410,gc_adults,respondent_relationship_2,text,1,Relationship to Respondent,0.9,386.2,181.0,545.2,199.4
PP-410,gc_adults,ward_full_name_3,text,1,"Names and addresses of all persons who must be notified,",0.9,66.8,216.8,203.8,235.3
PP-410,gc_adults,ward_full_name_4,text,1,"Names and addresses of all persons who must be notified,",0.9,204.2,216.8,385.7,235.3
PP-410,gc_adults,ward_full_name_5,text,1,"Names and addresses of all persons who must be notified,",0.9,386.2,216.8,545.2,235.3
PP-410,gc_adults,ward_full_name_6,text,1,"Names and addresses of all persons who must be notified,",0.9,66.8,251.9,203.8,270.4
PP-410,gc_adults,ward_full_name_7,text,1,"Names and addresses of all persons who must be notified,",0.9,204.2,251.9,385.7,270.4
PP-410,gc_adults,ward_full_name_8,text,1,"Names and addresses of all persons who must be notified,",0.9,386.2,251.9,545.2,270.4
PP-410,gc_adults,ward_field,text,1,,0.7,66.8,286.8,203.8,305.3
PP-410,gc_adults,ward_field_2,text,1,,0.7,204.2,286.8,385.7,305.3
PP-410,gc_adults,ward_field_3,text,1,,0.7,386.2,286.8,545.2,305.3
PP-410,gc_adults,ward_field_4,text,1,,0.7,66.8,322.7,203.8,341.2
PP-410,gc_adults,ward_field_5,text,1,,0.7,204.2,322.7,385.7,341.2
PP-410,gc_adults,ward_field_6,text,1,,0.7,386.2,322.7,545.2,341.2
PP-410,gc_adults,ward_field_7,text,1,,0.7,66.8,357.7,203.8,376.2
PP-410,gc_adults,ward_field_8,text,1,,0.7,204.2,357.7,385.7,376.2
PP-410,gc_adults,ward_field_9,text,1,,0.7,386.2,357.7,545.2,376.2
PP-410,gc_adults,ward_field_10,text,1,,0.7,66.8,393.5,203.8,412.0
PP-410,gc_adults,ward_field_11,text,1,,0.7,204.2,393.5,385.7,412.0
PP-410,gc_adults,ward_field_12,text,1,,0.7,386.2,393.5,545.2,412.0
PP-410,gc_adults,ward_field_13,text,1,,0.7,66.8,429.2,203.8,447.7
PP-410,gc_adults,ward_field_14,text,1,,0.7,204.2,429.2,385.7,447.7
PP-410,gc_adults,ward_field_15,text,1,,0.7,386.2,429.2,545.2,447.7
PP-410,gc_adults,ward_field_16,text,1,,0.7,66.8,464.3,203.8,482.8
PP-410,gc_adults,ward_field_17,text,1,,0.7,204.2,464.3,385.7,482.8
PP-410,gc_adults,ward_field_18,text,1,,0.7,386.2,464.3,545.2,482.8
PP-410,gc_adults,ward_field_19,text,1,,0.7,66.8,500.2,203.8,518.6
PP-410,gc_adults,ward_field_20,text,1,,0.7,204.2,500.2,385.7,518.6
PP-410,gc_adults,ward_field_21,text,1,,0.7,386.2,500.2,545.2,518.6
PP-410,gc_adults,ward_field_22,text,1,,0.7,66.8,535.9,203.8,554.4
PP-410,gc_adults,ward_field_23,text,1,,0.7,204.2,535.9,385.7,554.4
PP-410,gc_adults,ward_field_24,text,1,,0.7,386.2,535.9,545.2,554.4
PP-410,gc_adults,petitioner_wherefore_the_petitioner_prays_that_the_,text,1,"Wherefore, the Petitioner prays that the Court enter an order in the form of the attached draft Order. 11",0.9,66.8,571.8,203.8,590.3
PP-410,gc_adults,petitioner_wherefore_the_petitioner_prays_that_the__2,text,1,"Wherefore, the Petitioner prays that the Court enter an order in the form of the attached draft Order. 11",0.9,204.2,571.8,385.7,590.3
PP-410,gc_adults,petitioner_wherefore_the_petitioner_prays_that_the__3,text,1,"Wherefore, the Petitioner prays that the Court enter an order in the form of the attached draft Order. 11",0.9,386.2,571.8,545.2,590.3
PP-410,gc_adults,petitioner_wherefore_the_petitioner_prays_that_the__4,text,1,"Wherefore, the Petitioner prays that the Court enter an order in the form of the attached draft Order. 11",0.9,351.6,594.1,504.7,612.6
PP-410,gc_adults,petitioner_petitioner_or_attorney_for_petitioner,text,1,Petitioner or Attorney for Petitioner,0.9,324.0,640.2,540.0,658.7
PP-410,gc_adults,petitioner_co_petitioner_if_any,text,1,Co-Petitioner (if any),0.9,324.0,674.6,540.0,693.1
PP-410,gc_adults,attorney_attorney_required_by_rule_11,text,1,Attorney (Required by Rule 11),0.9,324.0,709.2,540.0,727.7
PP-410,gc_adults,ward_full_name_9,text,2,Name,0.9,72.0,104.9,229.2,123.4
PP-410,gc_adults,ward_address_street_4,text,2,Address,0.9,72.0,133.9,229.2,152.4
PP-410,gc_adults,ward_address_street_5,text,2,Address,0.9,72.0,162.8,229.2,181.3
PP-410,gc_adults,ward_phone,text,2,Phone Number,0.9,72.0,190.9,229.2,209.4
PP-410,gc_adults,ward_maine_bar_number,text,2,Maine Bar Number,0.9,72.0,218.9,229.2,237.4
PP-410,gc_adults,ward_address_street_6,text,2,Email Address,0.9,72.0,247.3,229.2,265.8
PP-410,gc_adults,ward_1_18_c_m_r_s_5_423_8,text,2,1 18-C M.R.S. § 5-423(8).,0.9,72.0,352.7,216.0,371.3
PP-412,gc_adults,ward_full_name,text,3,Name,0.9,72.0,103.3,271.9,121.8
PP-412,gc_adults,ward_address_street,text,3,Address,0.9,72.0,132.6,271.9,151.1
PP-412,gc_adults,ward_address_street_2,text,3,Address,0.9,72.0,162.0,271.9,180.5
PP-412,gc_adults,ward_phone,text,3,Phone Number,0.9,72.0,190.2,271.9,208.7
PP-412,gc_adults,ward_maine_bar_number,text,3,Maine Bar Number,0.9,72.0,218.5,271.9,237.0
PP-412,gc_adults,ward_1_18_c_m_r_s_5_423,text,3,1 18-C M.R.S. § 5-423.,0.9,72.0,296.2,216.0,314.8
PP-413,gc_adults,case_number,text,0,DOCKET NO.,0.9,422.5,115.0,540.0,133.4
PP-413,gc_adults,petitioner_signature,signature,0,"Full legal name, address, email address and phone number of Petitioner or Petitioners (designate both physical",0.7,72.0,286.5,472.0,326.6
PP-413,gc_adults,ward_address_street,text,0,"and mailing address, if applicable)",0.7,72.0,298.2,472.0,326.6
PP-413,gc_adults,petitioner_interest_of_the_petitioner,text,0,Interest of the Petitioner,0.7,72.0,344.0,472.0,361.2
PP-413,gc_adults,ward_applicable,text,0,applicable),0.7,85.5,390.1,485.5,430.2
PP-413,gc_adults,ward_full_name,text,1,Name,0.9,66.8,203.5,203.8,222.0
PP-413,gc_adults,ward_address_street_2,text,1,Address,0.9,204.2,203.5,385.7,222.0
PP-413,gc_adults,respondent_relationship,text,1,Relationship to Respondent,0.9,386.2,203.5,545.2,222.0
PP-413,gc_adults,ward_full_name_2,text,1,Name,0.9,66.8,215.5,203.8,234.0
PP-413,gc_adults,ward_address_street_3,text,1,Address,0.9,204.2,215.5,385.7,234.0
PP-413,gc_adults,respondent_relationship_2,text,1,Relationship to Respondent,0.9,386.2,215.5,545.2,234.0
PP-413,gc_adults,ward_full_name_3,text,1,"Names and addresses of all persons who must be notified,",0.9,66.8,251.3,203.8,269.8
PP-413,gc_adults,ward_full_name_4,text,1,"Names and addresses of all persons who must be notified,",0.9,204.2,251.3,385.7,269.8
PP-413,gc_adults,ward_full_name_5,text,1,"Names and addresses of all persons who must be notified,",0.9,386.2,251.3,545.2,269.8
PP-413,gc_adults,ward_full_name_6,text,1,"Names and addresses of all persons who must be notified,",0.9,66.8,286.3,203.8,304.8
PP-413,gc_adults,ward_full_name_7,text,1,"Names and addresses of all persons who must be notified,",0.9,204.2,286.3,385.7,304.8
PP-413,gc_adults,ward_full_name_8,text,1,"Names and addresses of all persons who must be notified,",0.9,386.2,286.3,545.2,304.8
PP-413,gc_adults,ward_field,text,1,,0.7,66.8,321.4,203.8,339.8
PP-413,gc_adults,ward_field_2,text,1,,0.7,204.2,321.4,385.7,339.8
PP-413,gc_adults,ward_field_3,text,1,,0.7,386.2,321.4,545.2,339.8
PP-413,gc_adults,ward_field_4,text,1,,0.7,66.8,357.1,203.8,375.6
PP-413,gc_adults,ward_field_5,text,1,,0.7,204.2,357.1,385.7,375.6
PP-413,gc_adults,ward_field_6,text,1,,0.7,386.2,357.1,545.2,375.6
PP-413,gc_adults,ward_field_7,text,1,,0.7,66.8,392.2,203.8,410.6
PP-413,gc_adults,ward_field_8,text,1,,0.7,204.2,392.2,385.7,410.6
PP-413,gc_adults,ward_field_9,text,1,,0.7,386.2,392.2,545.2,410.6
PP-413,gc_adults,ward_field_10,text,1,,0.7,66.8,428.0,203.8,446.5
PP-413,gc_adults,ward_field_11,text,1,,0.7,204.2,428.0,385.7,446.5
PP-413,gc_adults,ward_field_12,text,1,,0.7,386.2,428.0,545.2,446.5
PP-413,gc_adults,ward_field_13,text,1,,0.7,66.8,463.8,203.8,482.3
PP-413,gc_adults,ward_field_14,text,1,,0.7,204.2,463.8,385.7,482.3
PP-413,gc_adults,ward_field_15,text,1,,0.7,386.2,463.8,545.2,482.3
PP-413,gc_adults,ward_field_16,text,1,,0.7,66.8,498.8,203.8,517.3
PP-413,gc_adults,ward_field_17,text,1,,0.7,204.2,498.8,385.7,517.3
PP-413,gc_adults,ward_field_18,text,1,,0.7,386.2,498.8,545.2,517.3
PP-413,gc_adults,ward_field_19,text,1,,0.7,66.8,534.6,203.8,553.1
PP-413,gc_adults,ward_field_20,text,1,,0.7,204.2,534.6,385.7,553.1
PP-413,gc_adults,ward_field_21,text,1,,0.7,386.2,534.6,545.2,553.1
PP-413,gc_adults,ward_field_22,text,1,,0.7,66.8,570.5,203.8,589.0
PP-413,gc_adults,ward_field_23,text,1,,0.7,204.2,570.5,385.7,589.0
PP-413,gc_adults,ward_field_24,text,1,,0.7,386.2,570.5,545.2,589.0
PP-413,gc_adults,ward_field_25,text,1,,0.7,66.8,606.2,203.8,624.7
PP-413,gc_adults,ward_field_26,text,1,,0.7,204.2,606.2,385.7,624.7
PP-413,gc_adults,ward_field_27,text,1,,0.7,386.2,606.2,545.2,624.7
PP-413,gc_adults,petitioner_petitioner_or_attorney_for_petitioner,text,2,Petitioner or Attorney for Petitioner,0.9,324.0,202.4,540.0,220.9
PP-413,gc_adults,petitioner_co_petitioner_if_any,text,2,Co-Petitioner (if any),0.9,324.0,236.9,540.0,255.4
PP-413,gc_adults,attorney_attorney_required_by_rule_11,text,2,Attorney (Required by Rule 11),0.9,324.0,271.4,540.0,289.9
PP-413,gc_adults,ward_full_name_9,text,2,Name,0.9,72.0,357.8,229.2,376.3
PP-413,gc_adults,ward_address_street_4,text,2,Address,0.9,72.0,386.9,229.2,405.4
PP-413,gc_adults,ward_address_street_5,text,2,Address,0.9,72.0,415.9,229.2,434.4
PP-413,gc_adults,ward_phone,text,2,Phone Number,0.9,72.0,443.9,229.2,462.4
PP-413,gc_adults,ward_maine_bar_number,text,2,Maine Bar Number,0.9,72.0,471.8,229.2,490.3
PP-413,gc_adults,ward_address_street_6,text,2,Email Address,0.9,72.0,500.3,229.2,518.8
PP-413,gc_adults,ward_1_18_c_m_r_s_5_319_and_5_431,text,2,1 18-C M.R.S. §§ 5-319 and 5-431.,0.9,72.0,582.6,216.0,601.2
PP-502,gc_adults,petitioner_signature,signature,2,Signature-Petitioner/Guardian,0.9,324.0,237.5,540.0,256.1
PP-502,gc_adults,ward_date_signed,date,2,Dated:,0.9,107.0,499.7,216.0,518.3
PP-502,gc_adults,court_judge_of_probate,text,2,Judge of Probate,0.9,324.0,499.7,540.0,518.3
PP-502,gc_adults,ward_1_18_c_m_r_s_5_316,text,2,1 18-C M.R.S. § 5-316.,0.9,72.0,573.4,216.0,592.0
PP-503,gc_adults,ward_date_signed,date,1,Dated:,0.9,107.0,442.2,216.0,460.8
PP-503,gc_adults,court_judge_of_probate,text,1,Judge of Probate,0.9,324.0,442.2,504.0,460.8
PP-503,gc_adults,ward_1_18_c_m_r_s_5_419,text,1,1 18-C M.R.S. § 5-419.,0.9,72.0,492.8,216.0,511.4
PP-504,gc_adults,guardian_is_hereby_approved_5_the_guardian_conser,text,3,is hereby approved. 5 The Guardian/Conservator shall provide a copy of the,0.9,465.2,207.6,540.0,226.2
PP-504,gc_adults,guardian_is_hereby_approved_5_the_guardian_conser_2,text,3,is hereby approved. 5 The Guardian/Conservator shall provide a copy of the,0.9,72.0,221.4,144.0,240.0
PP-504,gc_adults,ward_date_signed,date,3,Dated:,0.9,107.0,359.4,216.0,378.0
PP-504,gc_adults,ward_field,text,3,______,0.9,360.0,359.4,540.0,378.0
PP-504,gc_adults,ward_1_18_c_m_r_s_5_316_5_419,text,3,"1 18-C M.R.S. §§ 5-316, 5-419.",0.9,72.0,437.8,216.0,456.4
PP-505,gc_adults,case_number,text,0,DOCKET NO.,0.9,422.5,115.0,540.0,133.4
PP-505,gc_adults,ward_i,text,0,"I,",0.9,117.1,214.0,288.0,232.4
PP-505,gc_adults,ward_as_follows,text,0,as follows: ___________________________________________________________________________,0.9,72.0,302.5,540.0,321.0
PP-505,gc_adults,respondent_middle_name,text,0,I last examined the Respondent on,0.9,72.0,315.1,540.0,333.6
PP-505,gc_adults,respondent_middle_name_2,text,0,I last examined the Respondent on,0.9,262.6,340.4,432.0,358.9
PP-505,gc_adults,ward_marp,text,1,MARP,0.9,101.4,672.6,216.0,691.1
PP-505,gc_adults,ward_signature,signature,1,Signature of Medical Professional,0.9,288.0,672.6,504.0,691.1
PP-506,gc_adults,case_number,text,0,DOCKET NO.,0.9,422.5,115.0,540.0,133.4
PP-506,gc_adults,ward_other,text,0, Other,0.7,107.9,286.5,507.9,304.0
PP-506,gc_adults,ward_full_name,text,0,"B.  Visitor’s name, address and telephone number",0.7,107.9,367.0,507.9,407.5
PP-506,gc_adults,ward_e_report_must_be_filed_by,text,0,E.  Report MUST be filed by:,0.9,70.6,463.4,541.4,482.2
PP-506,gc_adults,respondent_date_signed,date,0,C.  Birthdate and Birthplace of Respondent,0.7,108.0,600.3,508.0,617.7
PP-506,gc_adults,respondent_full_name,text,0,"D.  Marital Status of Respondent and name of spouse, if any",0.7,108.0,634.7,508.0,652.1
PP-506,gc_adults,ward_date_signed,date,1,F.  Date(s) and place(s) of visitation,0.7,108.0,97.9,508.0,126.8
PP-506,gc_adults,ward_describe_any_medical_condition_that_may_,text,2,describe any medical condition that may produce functional disability.,0.9,108.0,248.4,183.1,266.9
PP-506,gc_adults,respondent_middle_name,date,2,Functional Abilities: Describe the Respondent’s everyday functioning abilities and limitations:,0.9,108.0,397.9,187.6,416.4
PP-506,gc_adults,respondent_address_city,text,2,Enhancements:  Describe those means that may be used to enhance the Respondent’s functional capacity,0.9,108.0,639.4,166.2,657.8
PP-506,gc_adults,ward_date_signed_2,date,5,Dated:,0.9,101.2,305.9,216.0,324.4
PP-506,gc_adults,ward_visitor,text,5,Visitor,0.9,324.0,305.9,504.0,324.4
PP-506,gc_adults,ward_date_signed_3,date,5,Date filed:,0.9,116.9,558.8,237.1,577.3
PP-506,gc_adults,court_register_of_probate,text,5,Register of Probate,0.9,318.0,558.8,540.0,577.3
PP-507,gc_adults,case_number,text,0,DOCKET NO.,0.9,422.5,115.0,540.0,133.4
PP-507,gc_adults,ward_none_an_adult_friend_if_any_can_be_found,text,1,"none, an adult friend, if any can be found.",0.9,44.8,146.0,171.0,164.5
PP-507,gc_adults,ward_none_an_adult_friend_if_any_can_be_found_2,text,1,"none, an adult friend, if any can be found.",0.9,171.5,146.0,305.3,164.5
PP-507,gc_adults,ward_relationship,text,1,Relationship,0.9,305.8,146.0,376.0,164.5
PP-507,gc_adults,ward_date_signed,date,1,Date and Time,0.9,376.4,146.0,454.3,164.5
PP-507,gc_adults,ward_location_and_method_of,text,1,Location and Method of,0.9,454.8,146.0,567.2,164.5
PP-507,gc_adults,ward_full_name,text,1,Name,0.9,44.8,181.0,171.0,199.4
PP-507,gc_adults,respondent_to_respondent,text,1,to Respondent,0.9,171.5,181.0,305.3,199.4
PP-507,gc_adults,respondent_to_respondent_2,text,1,to Respondent,0.9,305.8,181.0,376.0,199.4
PP-507,gc_adults,ward_provided,text,1,Provided,0.9,376.4,181.0,454.3,199.4
PP-507,gc_adults,ward_providing_notice,text,1,Providing Notice,0.9,454.8,181.0,567.2,199.4
PP-507,gc_adults,ward_field,text,1,,0.7,44.8,216.8,171.0,235.3
PP-507,gc_adults,ward_field_2,text,1,,0.7,171.5,216.8,305.3,235.3
PP-507,gc_adults,ward_field_3,text,1,,0.7,305.8,216.8,376.0,235.3
PP-507,gc_adults,ward_field_4,text,1,,0.7,376.4,216.8,454.3,235.3
PP-507,gc_adults,ward_field_5,text,1,,0.7,454.8,216.8,567.2,235.3
PP-507,gc_adults,ward_field_6,text,1,,0.7,44.8,251.9,171.0,270.4
PP-507,gc_adults,ward_field_7,text,1,,0.7,171.5,251.9,305.3,270.4
PP-507,gc_adults,ward_field_8,text,1,,0.7,305.8,251.9,376.0,270.4
PP-507,gc_adults,ward_field_9,text,1,,0.7,376.4,251.9,454.3,270.4
PP-507,gc_adults,ward_field_10,text,1,,0.7,454.8,251.9,567.2,270.4
PP-507,gc_adults,ward_field_11,text,1,,0.7,44.8,286.8,171.0,305.3
PP-507,gc_adults,ward_field_12,text,1,,0.7,171.5,286.8,305.3,305.3
PP-507,gc_adults,ward_field_13,text,1,,0.7,305.8,286.8,376.0,305.3
PP-507,gc_adults,ward_field_14,text,1,,0.7,376.4,286.8,454.3,305.3
PP-507,gc_adults,ward_field_15,text,1,,0.7,454.8,286.8,567.2,305.3
PP-507,gc_adults,ward_field_16,text,1,,0.7,44.8,322.7,171.0,341.2
PP-507,gc_adults,ward_field_17,text,1,,0.7,171.5,322.7,305.3,341.2
PP-507,gc_adults,ward_field_18,text,1,,0.7,305.8,322.7,376.0,341.2
PP-507,gc_adults,ward_field_19,text,1,,0.7,376.4,322.7,454.3,341.2
PP-507,gc_adults,ward_field_20,text,1,,0.7,454.8,322.7,567.2,341.2
PP-507,gc_adults,ward_field_21,text,1,,0.7,44.8,357.7,171.0,376.2
PP-507,gc_adults,ward_field_22,text,1,,0.7,171.5,357.7,305.3,376.2
PP-507,gc_adults,ward_field_23,text,1,,0.7,305.8,357.7,376.0,376.2
PP-507,gc_adults,ward_field_24,text,1,,0.7,376.4,357.7,454.3,376.2
PP-507,gc_adults,ward_field_25,text,1,,0.7,454.8,357.7,567.2,376.2
PP-507,gc_adults,ward_field_26,text,1,,0.7,44.8,393.5,171.0,412.0
PP-507,gc_adults,ward_field_27,text,1,,0.7,171.5,393.5,305.3,412.0
PP-507,gc_adults,ward_field_28,text,1,,0.7,305.8,393.5,376.0,412.0
PP-507,gc_adults,ward_field_29,text,1,,0.7,376.4,393.5,454.3,412.0
PP-507,gc_adults,ward_field_30,text,1,,0.7,454.8,393.5,567.2,412.0
PP-507,gc_adults,ward_field_31,text,1,,0.7,44.8,429.2,171.0,447.7
PP-507,gc_adults,ward_field_32,text,1,,0.7,171.5,429.2,305.3,447.7
PP-507,gc_adults,ward_field_33,text,1,,0.7,305.8,429.2,376.0,447.7
PP-507,gc_adults,ward_field_34,text,1,,0.7,376.4,429.2,454.3,447.7
PP-507,gc_adults,ward_field_35,text,1,,0.7,454.8,429.2,567.2,447.7
PP-507,gc_adults,ward_field_36,text,1,,0.7,44.8,464.3,171.0,482.8
PP-507,gc_adults,ward_field_37,text,1,,0.7,171.5,464.3,305.3,482.8
PP-507,gc_adults,ward_field_38,text,1,,0.7,305.8,464.3,376.0,482.8
PP-507,gc_adults,ward_field_39,text,1,,0.7,376.4,464.3,454.3,482.8
PP-507,gc_adults,ward_field_40,text,1,,0.7,454.8,464.3,567.2,482.8
PP-507,gc_adults,ward_field_41,text,1,,0.7,44.8,500.2,171.0,518.6
PP-507,gc_adults,ward_field_42,text,1,,0.7,171.5,500.2,305.3,518.6
PP-507,gc_adults,ward_field_43,text,1,,0.7,305.8,500.2,376.0,518.6
PP-507,gc_adults,ward_field_44,text,1,,0.7,376.4,500.2,454.3,518.6
PP-507,gc_adults,ward_field_45,text,1,,0.7,454.8,500.2,567.2,518.6
PP-507,gc_adults,ward_field_46,text,1,,0.7,44.8,535.9,171.0,554.4
PP-507,gc_adults,ward_field_47,text,1,,0.7,171.5,535.9,305.3,554.4
PP-507,gc_adults,ward_field_48,text,1,,0.7,305.8,535.9,376.0,554.4
PP-507,gc_adults,ward_field_49,text,1,,0.7,376.4,535.9,454.3,554.4
PP-507,gc_adults,ward_field_50,text,1,,0.7,454.8,535.9,567.2,554.4
PP-507,gc_adults,ward_field_51,text,1,,0.7,44.8,571.0,171.0,589.4
PP-507,gc_adults,ward_field_52,text,1,,0.7,171.5,571.0,305.3,589.4
PP-507,gc_adults,ward_field_53,text,1,,0.7,305.8,571.0,376.0,589.4
PP-507,gc_adults,ward_field_54,text,1,,0.7,376.4,571.0,454.3,589.4
PP-507,gc_adults,ward_field_55,text,1,,0.7,454.8,571.0,567.2,589.4
PP-507,gc_adults,ward_field_56,text,1,,0.7,44.8,606.8,171.0,625.3
PP-507,gc_adults,ward_field_57,text,1,,0.7,171.5,606.8,305.3,625.3
PP-507,gc_adults,ward_field_58,text,1,,0.7,305.8,606.8,376.0,625.3
PP-507,gc_adults,ward_field_59,text,1,,0.7,376.4,606.8,454.3,625.3
PP-507,gc_adults,ward_field_60,text,1,,0.7,454.8,606.8,567.2,625.3
PP-507,gc_adults,ward_field_61,text,1,,0.7,44.8,642.6,171.0,661.1
PP-507,gc_adults,ward_field_62,text,1,,0.7,171.5,642.6,305.3,661.1
PP-507,gc_adults,ward_field_63,text,1,,0.7,305.8,642.6,376.0,661.1
PP-507,gc_adults,ward_field_64,text,1,,0.7,376.4,642.6,454.3,661.1
PP-507,gc_adults,ward_field_65,text,1,,0.7,454.8,642.6,567.2,661.1
PP-507,gc_adults,ward_field_66,text,1,,0.7,44.8,678.4,171.0,696.8
PP-507,gc_adults,ward_field_67,text,1,,0.7,171.5,678.4,305.3,696.8
PP-507,gc_adults,ward_field_68,text,1,,0.7,305.8,678.4,376.0,696.8
PP-507,gc_adults,ward_field_69,text,1,,0.7,376.4,678.4,454.3,696.8
PP-507,gc_adults,ward_field_70,text,1,,0.7,454.8,678.4,567.2,696.8
PP-507,gc_adults,ward_full_name_2,text,2,Name,0.9,66.8,77.0,203.8,95.5
PP-507,gc_adults,respondent_relationship,text,2,Relationship to Respondent,0.9,204.2,77.0,385.7,95.5
PP-507,gc_adults,ward_description,text,2,Reasons why Notice was Not,0.9,386.2,77.0,545.2,95.5
PP-507,gc_adults,ward_full_name_3,text,2,Name,0.9,66.8,100.4,203.8,118.9
PP-507,gc_adults,respondent_relationship_2,text,2,Relationship to Respondent,0.9,204.2,100.4,385.7,118.9
PP-507,gc_adults,ward_provided_2,text,2,Provided,0.9,386.2,100.4,545.2,118.9
PP-507,gc_adults,ward_i_have_not_provided_notice_to_the_follow,text,2,I have not provided notice to the following required,0.9,66.8,136.3,203.8,154.8
PP-507,gc_adults,ward_i_have_not_provided_notice_to_the_follow_2,text,2,I have not provided notice to the following required,0.9,204.2,136.3,385.7,154.8
PP-507,gc_adults,ward_i_have_not_provided_notice_to_the_follow_3,text,2,I have not provided notice to the following required,0.9,386.2,136.3,545.2,154.8
PP-507,gc_adults,ward_i_have_not_provided_notice_to_the_follow_4,text,2,I have not provided notice to the following required,0.9,66.8,171.4,203.8,189.8
PP-507,gc_adults,ward_i_have_not_provided_notice_to_the_follow_5,text,2,I have not provided notice to the following required,0.9,204.2,171.4,385.7,189.8
PP-507,gc_adults,ward_i_have_not_provided_notice_to_the_follow_6,text,2,I have not provided notice to the following required,0.9,386.2,171.4,545.2,189.8
PP-507,gc_adults,ward_field_71,text,2,,0.7,66.8,206.4,203.8,224.9
PP-507,gc_adults,ward_field_72,text,2,,0.7,204.2,206.4,385.7,224.9
PP-507,gc_adults,ward_field_73,text,2,,0.7,386.2,206.4,545.2,224.9
PP-507,gc_adults,ward_field_74,text,2,,0.7,66.8,242.2,203.8,260.6
PP-507,gc_adults,ward_field_75,text,2,,0.7,204.2,242.2,385.7,260.6
PP-507,gc_adults,ward_field_76,text,2,,0.7,386.2,242.2,545.2,260.6
PP-507,gc_adults,ward_1_18_c_m_r_s_5_312_3_and_5_413_3,text,2,1 18-C M.R.S. § 5-312(3) and § 5-413(3).,0.9,72.0,568.1,216.0,586.7
PP-509,gc_adults,case_number,text,0,DOCKET NO.,0.9,422.5,115.0,540.0,133.4
PP-509,gc_adults,petitioner_full_name,text,0,"Name, address, email address and telephone number of Petitioner",0.7,72.0,217.5,472.0,245.4
PP-509,gc_adults,guardian_full_name,text,0,Name and residence address of the individual subject to guardianship/conservatorship,0.7,72.0,299.8,472.0,339.9
PP-509,gc_adults,guardian_a_current_location_of_individual_subject,text,0,a.   Current location of individual subject to guardianship/conservatorship,0.7,108.0,357.3,508.0,374.4
PP-509,gc_adults,ward_full_name,text,0,Name,0.9,74.6,462.8,177.6,481.3
PP-509,gc_adults,ward_address_street,text,0,Address,0.9,178.1,462.8,348.5,481.3
PP-509,gc_adults,ward_relationship,text,0,Relationship to,0.9,349.0,462.8,442.9,481.3
PP-509,gc_adults,ward_waivers,text,0,Waivers?,0.9,443.4,462.8,537.4,481.3
PP-509,gc_adults,ward_full_name_2,text,0,Name,0.9,74.6,486.4,177.6,504.8
PP-509,gc_adults,ward_address_street_2,text,0,Address,0.9,178.1,486.4,348.5,504.8
PP-509,gc_adults,respondent_respondent,text,0,Respondent,0.9,349.0,486.4,442.9,504.8
PP-509,gc_adults,ward_waivers_2,text,0,Waivers?,0.9,443.4,486.4,537.4,504.8
PP-509,gc_adults,ward_full_name_3,text,0,Name and current addresses of all persons who must be,0.9,74.6,522.7,177.6,541.2
PP-509,gc_adults,ward_full_name_4,text,0,Name and current addresses of all persons who must be,0.9,178.1,522.7,348.5,541.2
PP-509,gc_adults,ward_full_name_5,text,0,Name and current addresses of all persons who must be,0.9,349.0,522.7,442.9,541.2
PP-509,gc_adults,ward_full_name_6,text,0,Name and current addresses of all persons who must be,0.9,443.4,522.7,537.4,541.2
PP-509,gc_adults,ward_field,text,0,,0.7,74.6,558.2,177.6,576.7
PP-509,gc_adults,ward_field_2,text,0,,0.7,178.1,558.2,348.5,576.7
PP-509,gc_adults,ward_field_3,text,0,,0.7,349.0,558.2,442.9,576.7
PP-509,gc_adults,ward_field_4,text,0,,0.7,443.4,558.2,537.4,576.7
PP-509,gc_adults,ward_field_5,text,0,,0.7,74.6,593.3,177.6,611.8
PP-509,gc_adults,ward_field_6,text,0,,0.7,178.1,593.3,348.5,611.8
PP-509,gc_adults,ward_field_7,text,0,,0.7,349.0,593.3,442.9,611.8
PP-509,gc_adults,ward_field_8,text,0,,0.7,443.4,593.3,537.4,611.8
PP-509,gc_adults,ward_field_9,text,0,,0.7,74.6,629.5,177.6,648.0
PP-509,gc_adults,ward_field_10,text,0,,0.7,178.1,629.5,348.5,648.0
PP-509,gc_adults,ward_field_11,text,0,,0.7,349.0,629.5,442.9,648.0
PP-509,gc_adults,ward_field_12,text,0,,0.7,443.4,629.5,537.4,648.0
PP-509,gc_adults,ward_field_13,text,0,,0.7,74.6,665.0,177.6,683.5
PP-509,gc_adults,ward_field_14,text,0,,0.7,178.1,665.0,348.5,683.5
PP-509,gc_adults,ward_field_15,text,0,,0.7,349.0,665.0,442.9,683.5
PP-509,gc_adults,ward_field_16,text,0,,0.7,443.4,665.0,537.4,683.5
PP-509,gc_adults,ward_field_17,text,0,,0.7,74.6,701.4,177.6,719.9
PP-509,gc_adults,ward_field_18,text,0,,0.7,178.1,701.4,348.5,719.9
PP-509,gc_adults,ward_field_19,text,0,,0.7,349.0,701.4,442.9,719.9
PP-509,gc_adults,ward_field_20,text,0,,0.7,443.4,701.4,537.4,719.9
PP-509,gc_adults,petitioner_petitioner_or_attorney_for_petitioner,text,1,Petitioner or Attorney for Petitioner,0.9,324.0,169.7,540.0,188.2
PP-509,gc_adults,petitioner_co_petitioner_if_any,text,1,Co-Petitioner (if any),0.9,324.0,204.2,540.0,222.7
PP-509,gc_adults,attorney_attorney_required_by_rule_11,text,1,Attorney (Required by Rule 11),0.9,324.0,238.7,540.0,257.2
PP-509,gc_adults,ward_full_name_7,text,1,Name,0.9,72.0,290.8,229.2,309.2
PP-509,gc_adults,ward_address_street_3,text,1,Address,0.9,72.0,319.7,229.2,338.2
PP-509,gc_adults,ward_address_street_4,text,1,Address,0.9,72.0,348.7,229.2,367.2
PP-509,gc_adults,ward_phone,text,1,Phone Number,0.9,72.0,376.7,229.2,395.2
PP-509,gc_adults,ward_maine_bar_number,text,1,Maine Bar Number,0.9,72.0,404.8,229.2,423.2
PP-509,gc_adults,ward_address_street_5,text,1,Email Address,0.9,72.0,433.1,229.2,451.6
PP-509,gc_adults,ward_address_street_6,text,1,Email Address,0.7,72.0,463.6,472.0,501.7
PP-509,gc_adults,ward_date_signed,date,1,Dated:,0.9,98.6,577.6,252.0,596.0
PP-509,gc_adults,guardian_1_a_guardian_or_conservator_may_petition,text,1,1 A guardian or conservator may petition the court to accept transfer.  18-C M.R.S. § 5-632(1).,0.9,72.0,609.7,216.0,628.3
PP-510,gc_adults,case_number,text,0,DOCKET NO.,0.9,422.5,115.0,540.0,133.4
PP-510,gc_adults,petitioner_full_name,text,0,"Name, address, email address and telephone number of Petitioner",0.7,72.0,216.4,472.0,244.2
PP-510,gc_adults,guardian_full_name,text,0,Name and residence address of the individual subject to guardianship/conservatorship,0.7,72.0,298.7,472.0,327.3
PP-510,gc_adults,guardian_a_current_location_of_individual_subject,text,0,a.   Current location of individual subject to guardianship/conservatorship,0.7,108.0,344.7,508.0,361.7
PP-510,gc_adults,ward_full_name,text,0,Name,0.9,74.6,553.7,177.6,572.2
PP-510,gc_adults,ward_address_street,text,0,Address,0.9,178.1,553.7,348.5,572.2
PP-510,gc_adults,ward_relationship,text,0,Relationship to,0.9,349.0,553.7,442.9,572.2
PP-510,gc_adults,ward_waivers,text,0,Waivers?,0.9,443.4,553.7,537.4,572.2
PP-510,gc_adults,ward_full_name_2,text,0,Name,0.9,74.6,577.2,177.6,595.7
PP-510,gc_adults,ward_address_street_2,text,0,Address,0.9,178.1,577.2,348.5,595.7
PP-510,gc_adults,respondent_respondent,text,0,Respondent,0.9,349.0,577.2,442.9,595.7
PP-510,gc_adults,ward_waivers_2,text,0,Waivers?,0.9,443.4,577.2,537.4,595.7
PP-510,gc_adults,ward_full_name_3,text,0,Name and current addresses of all persons who must be,0.9,74.6,613.6,177.6,632.0
PP-510,gc_adults,ward_full_name_4,text,0,Name and current addresses of all persons who must be,0.9,178.1,613.6,348.5,632.0
PP-510,gc_adults,ward_full_name_5,text,0,Name and current addresses of all persons who must be,0.9,349.0,613.6,442.9,632.0
PP-510,gc_adults,ward_full_name_6,text,0,Name and current addresses of all persons who must be,0.9,443.4,613.6,537.4,632.0
PP-510,gc_adults,ward_field,text,0,,0.7,74.6,649.1,177.6,667.6
PP-510,gc_adults,ward_field_2,text,0,,0.7,178.1,649.1,348.5,667.6
PP-510,gc_adults,ward_field_3,text,0,,0.7,349.0,649.1,442.9,667.6
PP-510,gc_adults,ward_field_4,text,0,,0.7,443.4,649.1,537.4,667.6
PP-510,gc_adults,ward_field_5,text,0,,0.7,74.6,684.1,177.6,702.6
PP-510,gc_adults,ward_field_6,text,0,,0.7,178.1,684.1,348.5,702.6
PP-510,gc_adults,ward_field_7,text,0,,0.7,349.0,684.1,442.9,702.6
PP-510,gc_adults,ward_field_8,text,0,,0.7,443.4,684.1,537.4,702.6
PP-510,gc_adults,ward_field_9,text,0,,0.7,74.6,720.4,177.6,738.8
PP-510,gc_adults,ward_field_10,text,0,,0.7,178.1,720.4,348.5,738.8
PP-510,gc_adults,ward_field_11,text,0,,0.7,349.0,720.4,442.9,738.8
PP-510,gc_adults,ward_field_12,text,0,,0.7,443.4,720.4,537.4,738.8
PP-510,gc_adults,ward_field_13,text,0,,0.7,74.6,756.0,177.6,774.5
PP-510,gc_adults,ward_field_14,text,0,,0.7,178.1,756.0,348.5,774.5
PP-510,gc_adults,ward_field_15,text,0,,0.7,349.0,756.0,442.9,774.5
PP-510,gc_adults,ward_field_16,text,0,,0.7,443.4,756.0,537.4,774.5
PP-510,gc_adults,petitioner_petitioner_or_attorney_for_petitioner,text,1,Petitioner or Attorney for Petitioner,0.9,324.0,214.0,540.0,232.4
PP-510,gc_adults,petitioner_co_petitioner_if_any,text,1,Co-Petitioner (if any),0.9,324.0,248.4,540.0,266.9
PP-510,gc_adults,attorney_attorney_required_by_rule_11,text,1,Attorney (Required by Rule 11),0.9,324.0,283.0,540.0,301.4
PP-510,gc_adults,ward_full_name_7,text,1,Name,0.9,72.0,334.9,229.2,353.4
PP-510,gc_adults,ward_address_street_3,text,1,Address,0.9,72.0,363.8,229.2,382.3
PP-510,gc_adults,ward_address_street_4,text,1,Address,0.9,72.0,392.9,229.2,411.4
PP-510,gc_adults,ward_phone,text,1,Phone Number,0.9,72.0,420.8,229.2,439.3
PP-510,gc_adults,ward_maine_bar_number,text,1,Maine Bar Number,0.9,72.0,448.9,229.2,467.4
PP-510,gc_adults,ward_address_street_5,text,1,Email Address,0.9,72.0,477.2,229.2,495.7
PP-510,gc_adults,ward_address_street_6,text,1,Email Address,0.7,72.0,507.7,472.0,545.9
PP-510,gc_adults,ward_date_signed,date,1,Dated:,0.9,98.6,621.8,252.0,640.3
PP-510,gc_adults,ward_1_18_c_m_r_s_5_631_1,text,1,1 18-C M.R.S. § 5-631(1).,0.9,72.0,653.9,216.0,672.5
PP-601,gc_adults,case_number,text,0,DOCKET NO.,0.9,422.5,119.6,540.0,138.1
PP-601,gc_adults,petitioner_full_name,text,0,Full legal name of Petitioner,0.7,72.0,357.9,472.0,397.9
PP-601,gc_adults,petitioner_address_street,text,0,Address and Email Address of Petitioner,0.7,72.0,415.4,472.0,455.4
PP-601,gc_adults,ward_sheets_if_necessary,text,0,"sheets, if necessary)",0.7,72.0,484.4,472.0,524.5
PP-601,gc_adults,respondent_address_street,text,0,"Age, principal residence and current address (if different from principal residence) of Respondent",0.7,72.0,541.9,472.0,582.0
PP-601,gc_adults,respondent_proposed_residence_for_respondent_if_dif,text,0,Proposed residence for Respondent (if different than above),0.7,72.0,599.4,472.0,639.5
PP-601,gc_adults,ward_full_name,text,1,Name,0.9,72.5,231.1,206.2,249.6
PP-601,gc_adults,ward_address_street,text,1,Address,0.9,206.6,231.1,383.8,249.6
PP-601,gc_adults,respondent_relationship,text,1,Relationship to Respondent,0.9,384.2,231.1,539.5,249.6
PP-601,gc_adults,ward_full_name_2,text,1,Name,0.9,72.5,243.1,206.2,261.6
PP-601,gc_adults,ward_address_street_2,text,1,Address,0.9,206.6,243.1,383.8,261.6
PP-601,gc_adults,respondent_relationship_2,text,1,Relationship to Respondent,0.9,384.2,243.1,539.5,261.6
PP-601,gc_adults,ward_field,text,1,,0.7,72.5,279.0,206.2,297.5
PP-601,gc_adults,ward_field_2,text,1,,0.7,206.6,279.0,383.8,297.5
PP-601,gc_adults,ward_field_3,text,1,,0.7,384.2,279.0,539.5,297.5
PP-601,gc_adults,ward_field_4,text,1,,0.7,72.5,314.0,206.2,332.5
PP-601,gc_adults,ward_field_5,text,1,,0.7,206.6,314.0,383.8,332.5
PP-601,gc_adults,ward_field_6,text,1,,0.7,384.2,314.0,539.5,332.5
PP-601,gc_adults,ward_field_7,text,1,,0.7,72.5,349.0,206.2,367.4
PP-601,gc_adults,ward_field_8,text,1,,0.7,206.6,349.0,383.8,367.4
PP-601,gc_adults,ward_field_9,text,1,,0.7,384.2,349.0,539.5,367.4
PP-601,gc_adults,ward_field_10,text,1,,0.7,72.5,384.8,206.2,403.3
PP-601,gc_adults,ward_field_11,text,1,,0.7,206.6,384.8,383.8,403.3
PP-601,gc_adults,ward_field_12,text,1,,0.7,384.2,384.8,539.5,403.3
PP-601,gc_adults,ward_field_13,text,1,,0.7,72.5,419.9,206.2,438.4
PP-601,gc_adults,ward_field_14,text,1,,0.7,206.6,419.9,383.8,438.4
PP-601,gc_adults,ward_field_15,text,1,,0.7,384.2,419.9,539.5,438.4
PP-601,gc_adults,ward_field_16,text,1,,0.7,72.5,455.6,206.2,474.1
PP-601,gc_adults,ward_field_17,text,1,,0.7,206.6,455.6,383.8,474.1
PP-601,gc_adults,ward_field_18,text,1,,0.7,384.2,455.6,539.5,474.1
PP-601,gc_adults,ward_field_19,text,1,,0.7,72.5,491.4,206.2,509.9
PP-601,gc_adults,ward_field_20,text,1,,0.7,206.6,491.4,383.8,509.9
PP-601,gc_adults,ward_field_21,text,1,,0.7,384.2,491.4,539.5,509.9
PP-601,gc_adults,ward_field_22,text,1,,0.7,72.5,526.4,206.2,544.9
PP-601,gc_adults,ward_field_23,text,1,,0.7,206.6,526.4,383.8,544.9
PP-601,gc_adults,ward_field_24,text,1,,0.7,384.2,526.4,539.5,544.9
PP-601,gc_adults,ward_field_25,text,1,,0.7,72.5,562.3,206.2,580.8
PP-601,gc_adults,ward_field_26,text,1,,0.7,206.6,562.3,383.8,580.8
PP-601,gc_adults,ward_field_27,text,1,,0.7,384.2,562.3,539.5,580.8
PP-601,gc_adults,ward_field_28,text,1,,0.7,72.5,598.1,206.2,616.6
PP-601,gc_adults,ward_field_29,text,1,,0.7,206.6,598.1,383.8,616.6
PP-601,gc_adults,ward_field_30,text,1,,0.7,384.2,598.1,539.5,616.6
PP-601,gc_adults,ward_7_describe_the_nature_of_the_protective_,text,1,"7.  Describe the nature of the protective arrangement(s) sought (attach additional sheets, if necessary):",0.9,72.5,633.1,206.2,651.6
PP-601,gc_adults,ward_7_describe_the_nature_of_the_protective__2,text,1,"7.  Describe the nature of the protective arrangement(s) sought (attach additional sheets, if necessary):",0.9,206.6,633.1,383.8,651.6
PP-601,gc_adults,ward_7_describe_the_nature_of_the_protective__3,text,1,"7.  Describe the nature of the protective arrangement(s) sought (attach additional sheets, if necessary):",0.9,384.2,633.1,539.5,651.6
PP-601,gc_adults,ward_full_name_3,text,2,Name,0.9,85.8,472.7,223.0,491.2
PP-601,gc_adults,ward_address_street_3,text,2,Address,0.9,223.4,472.7,526.1,491.2
PP-601,gc_adults,ward_full_name_4,text,2,Name,0.9,85.8,484.7,223.0,503.2
PP-601,gc_adults,ward_address_street_4,text,2,Address,0.9,223.4,484.7,526.1,503.2
PP-601,gc_adults,ward_full_name_5,text,2,Name,0.9,85.8,508.1,223.0,526.6
PP-601,gc_adults,ward_address_street_5,text,2,Address,0.9,223.4,508.1,526.1,526.6
PP-601,gc_adults,respondent_respondent_s_contact_if_any,text,2,Respondent’s contact (if any):,0.9,85.8,531.6,223.0,550.1
PP-601,gc_adults,respondent_respondent_s_contact_if_any_2,text,2,Respondent’s contact (if any):,0.9,223.4,531.6,526.1,550.1
PP-601,gc_adults,respondent_respondent_s_contact_if_any_3,text,2,Respondent’s contact (if any):,0.9,85.8,555.1,223.0,573.6
PP-601,gc_adults,respondent_respondent_s_contact_if_any_4,text,2,Respondent’s contact (if any):,0.9,223.4,555.1,526.1,573.6
PP-601,gc_adults,respondent_10_does_respondent_require_an_interprete,text,2,"10.  Does Respondent require an interpreter, translator or other form of support to communicate effectively with the",0.9,85.8,578.6,223.0,597.1
PP-601,gc_adults,respondent_10_does_respondent_require_an_interprete_2,text,2,"10.  Does Respondent require an interpreter, translator or other form of support to communicate effectively with the",0.9,223.4,578.6,526.1,597.1
PP-601,gc_adults,ward_amount,currency,3,ESTIMATED VALUE,0.9,360.0,126.6,453.0,145.1
PP-601,gc_adults,ward_asset,text,3,ASSET,0.9,72.5,138.6,305.8,157.1
PP-601,gc_adults,ward_amount_2,currency,3,ESTIMATED VALUE,0.9,306.2,138.6,539.5,157.1
PP-601,gc_adults,respondent_receipts_of_the_respondent,text,3,receipts of the Respondent:,0.9,72.5,168.6,305.8,187.1
PP-601,gc_adults,respondent_receipts_of_the_respondent_2,text,3,receipts of the Respondent:,0.9,306.2,168.6,539.5,187.1
PP-601,gc_adults,respondent_receipts_of_the_respondent_3,text,3,receipts of the Respondent:,0.9,72.5,198.6,305.8,217.1
PP-601,gc_adults,respondent_receipts_of_the_respondent_4,text,3,receipts of the Respondent:,0.9,306.2,198.6,539.5,217.1
PP-601,gc_adults,ward_field_31,text,3,,0.7,72.5,228.6,305.8,247.1
PP-601,gc_adults,ward_field_32,text,3,,0.7,306.2,228.6,539.5,247.1
PP-601,gc_adults,ward_field_33,text,3,,0.7,72.5,258.6,305.8,277.1
PP-601,gc_adults,ward_field_34,text,3,,0.7,306.2,258.6,539.5,277.1
PP-601,gc_adults,ward_field_35,text,3,,0.7,72.5,288.6,305.8,307.1
PP-601,gc_adults,ward_field_36,text,3,,0.7,306.2,288.6,539.5,307.1
PP-601,gc_adults,ward_full_name_6,text,3,Name,0.9,72.0,478.0,271.6,496.4
PP-601,gc_adults,ward_address_street_6,text,3,Address,0.9,72.0,506.6,271.6,525.1
PP-601,gc_adults,ward_address_street_7,text,3,Address,0.9,72.0,535.2,271.6,553.7
PP-601,gc_adults,ward_phone,text,3,Phone Number,0.9,72.0,562.9,271.6,581.4
PP-601,gc_adults,ward_maine_bar_number,text,3,Maine Bar Number,0.9,72.0,590.6,271.6,609.1
PP-601,gc_adults,ward_address_street_8,text,3,Email Address,0.9,72.0,619.1,271.6,637.6
PP-601,gc_adults,ward_1_18_c_m_r_s_5_504,text,3,1 18-C M.R.S. § 5-504.,0.9,72.0,651.8,216.0,670.6
